id_num,county_desc,race,ethnicity,gender,age,voter_city,voter_state,voter_zip,voter_party_code,precinct_desc,ballot_req_type,ballot_request_party,ballot_req_dt,ballot_send_dt,ballot_rtn_dt,ballot_rtn_status
452004,WAKE,WHITE,NOT HISPANIC or NOT LATINO,F,65,RALEIGH,NC,27614.0,DEM,PRECINCT 02-02,MAIL,DEM,1/10/24,9/24/24, ,SPOILED-EV
140759,FORSYTH,WHITE,HISPANIC or LATINO,F,49,WINSTON SALEM,NC,27127.0,DEM,124,MAIL,DEM,9/7/24,9/24/24,10/18/24,ACCEPTED
6451,ALAMANCE,WHITE,UNDESIGNATED,F,69,GRAHAM,NC,27253.0,DEM,GRAHAM 4,MAIL,DEM,7/29/24,9/24/24, ,SPOILED-EV
204480,IREDELL,WHITE,NOT HISPANIC or NOT LATINO,U,33,STATESVILLE,NC,28625.0,DEM,STATESVILLE #1,MAIL,DEM,7/30/24,9/24/24, ,SPOILED-EV
324942,ORANGE,UNDESIGNATED,UNDESIGNATED,U,38,CHAPEL HILL,NC,27516.0,UNA,ST JOHN,MAIL,UNA,9/17/24,9/24/24,10/24/24,ACCEPTED
253074,MECKLENBURG,WHITE,NOT HISPANIC or NOT LATINO,F,24,CHARLOTTE,NC,28203.0,UNA,PCT 022,MAIL,UNA,10/9/24,10/9/24, ,SPOILED-EV
296394,MOORE,WHITE,NOT HISPANIC or NOT LATINO,F,81,SOUTHERN PINES,NC,28387.0,REP,SOUTH SOUTHERN PINES,MAIL,REP,8/12/24,9/24/24,10/1/24,ACCEPTED
383818,WAKE,UNDESIGNATED,UNDESIGNATED,U,23,HOLLY SPRINGS,NC,27540.0,UNA,PRECINCT 12-11,MAIL,UNA,7/2/24,9/24/24, , 
654,ALAMANCE,WHITE,NOT HISPANIC or NOT LATINO,F,53,GRAHAM,NC,27253.0,REP,NORTH THOMPSON,MAIL,REP,10/15/24,10/16/24,10/29/24,ACCEPTED
32362,BUNCOMBE,WHITE,NOT HISPANIC or NOT LATINO,M,38,ASHEVILLE,NC,28804.0,DEM,71.1,MAIL,DEM,8/26/24,9/24/24, ,SPOILED-EV
431284,WAKE,OTHER,HISPANIC or LATINO,F,28,APEX,NC,27539.0,UNA,PRECINCT 20-05,MAIL,UNA,10/9/24,10/11/24, ,SPOILED-EV
89153,CUMBERLAND,WHITE,NOT HISPANIC or NOT LATINO,F,65,FAYETTEVILLE,NC,28303.0,REP,CROSS CREEK 12,MAIL,REP,10/9/24,10/10/24,10/24/24,ACCEPTED
40690,BUNCOMBE,WHITE,UNDESIGNATED,F,68,SWANNANOA,NC,28778.0,DEM,65.1,MAIL,DEM,10/14/24,10/15/24,11/5/24,ACCEPTED
28217,BUNCOMBE,WHITE,NOT HISPANIC or NOT LATINO,F,72,ASHEVILLE,NC,28804.0,DEM,22.2,MAIL,DEM,10/10/24,10/12/24, ,SPOILED-EV
318220,ONSLOW,UNDESIGNATED,UNDESIGNATED,U,34,CAMP LEJEUNE,NC,28547.0,UNA,JA01,MAIL,UNA,10/30/24,10/31/24,11/4/24,ACCEPTED
269965,MECKLENBURG,ASIAN,UNDESIGNATED,M,22,CHARLOTTE,NC,28277.0,DEM,PCT 148,MAIL,DEM,10/20/24,10/22/24,11/1/24,ACCEPTED
78132,CLEVELAND,UNDESIGNATED,UNDESIGNATED,U,33,KINGS MOUNTAIN,NC,28086.0,LIB,GROVER,MAIL,LIB,10/17/24,10/18/24, ,SPOILED-EV
437388,WAKE,WHITE,NOT HISPANIC or NOT LATINO,F,30,CARY,NC,27513.0,UNA,PRECINCT 04-17,MAIL,UNA,9/23/24,9/26/24, , 
436672,WAKE,WHITE,NOT HISPANIC or NOT LATINO,F,22,RALEIGH,NC,27612.0,UNA,PRECINCT 07-04,MAIL,UNA,9/1/24,9/24/24,10/17/24,ACCEPTED
382800,WAKE,WHITE,UNDESIGNATED,M,80,CARY,NC,27511.0,DEM,PRECINCT 04-04,MAIL,DEM,9/15/24,9/24/24, ,SPOILED-EV
55563,CABARRUS,WHITE,HISPANIC or LATINO,M,23,KANNAPOLIS,NC,28081.0,DEM,9-Apr,MAIL,DEM,9/18/24,9/24/24,10/7/24,ACCEPTED
334191,PENDER,WHITE,NOT HISPANIC or NOT LATINO,M,46,SURF CITY,NC,28445.0,REP,SURF CITY,MAIL,REP,10/18/24, , , 
89288,CUMBERLAND,UNDESIGNATED,UNDESIGNATED,U,33,FAYETTEVILLE,NC,28304.0,UNA,ARRAN HILLS,MAIL,UNA,9/15/24,9/25/24, , 
447526,WAKE,WHITE,NOT HISPANIC or NOT LATINO,M,72,RALEIGH,NC,27615.0,DEM,PRECINCT 07-05,MAIL,DEM,5/7/24,9/24/24,10/27/24,ACCEPTED
61730,CARTERET,WHITE,NOT HISPANIC or NOT LATINO,F,19,CEDAR POINT,NC,28584.0,UNA,CAPE CARTERET/CEDAR POINT,MAIL,UNA,10/21/24,10/24/24, , 
420364,WAKE,WHITE,NOT HISPANIC or NOT LATINO,F,27,HOLLY SPRINGS,NC,27540.0,DEM,PRECINCT 06-10,MAIL,DEM,10/16/24,10/22/24,11/2/24,ACCEPTED
366104,SURRY,WHITE,NOT HISPANIC or NOT LATINO,F,55,ELKIN,NC,28621.0,UNA,ELKIN,MAIL,UNA,8/21/24,9/24/24, ,SPOILED-EV
433001,WAKE,WHITE,NOT HISPANIC or NOT LATINO,F,23,APEX,NC,27539.0,UNA,PRECINCT 18-07,MAIL,UNA,9/10/24,9/24/24,10/24/24,ACCEPTED
300118,NASH,WHITE,NOT HISPANIC or NOT LATINO,F,88,ROCKY MOUNT,NC,27803.0,DEM,ROCKY MOUNT DOWNTOWN,MAIL,DEM,9/23/24,9/25/24,10/23/24,ACCEPTED
462107,WAYNE,BLACK or AFRICAN AMERICAN,UNDESIGNATED,F,53,GOLDSBORO,NC,27530.0,DEM,29,MAIL,DEM,9/21/24,9/24/24, ,SPOILED-EV
205652,IREDELL,WHITE,NOT HISPANIC or NOT LATINO,M,28,MOORESVILLE,NC,28117.0,UNA,DAVIDSON #3A,MAIL,UNA,10/12/24,10/14/24, ,SPOILED-EV
345000,RANDOLPH,WHITE,NOT HISPANIC or NOT LATINO,F,82,RAMSEUR,NC,27316.0,REP,SOUTHEAST,MAIL,REP,10/22/24,10/23/24,10/28/24,ACCEPTED
314281,NEW HANOVER,OTHER,NOT HISPANIC or NOT LATINO,M,21,WILMINGTON,NC,28411.0,DEM,H08,MAIL,DEM,7/27/24,9/24/24,10/29/24,ACCEPTED
293306,MOORE,WHITE,NOT HISPANIC or NOT LATINO,F,74,PINEHURST,NC,28374.0,REP,PINEHURST A1,MAIL,REP,7/25/24,9/24/24,10/17/24,ACCEPTED
380485,UNION,WHITE,UNDESIGNATED,M,58,MATTHEWS,NC,28104.0,UNA,041,MAIL,UNA,10/12/24,10/23/24,10/27/24,ACCEPTED
113671,DURHAM,UNDESIGNATED,UNDESIGNATED,U,19,DURHAM,NC,27707.0,UNA,55-49,MAIL,UNA,10/10/24,10/13/24, ,SPOILED-EV
138048,FORSYTH,WHITE,HISPANIC or LATINO,M,21,CLEMMONS,NC,27012.0,REP,76,MAIL,REP,8/23/24,9/24/24,10/31/24,ACCEPTED
419914,WAKE,OTHER,NOT HISPANIC or NOT LATINO,F,51,RALEIGH,NC,27614.0,REP,PRECINCT 19-14,MAIL,REP,9/21/24,9/25/24,10/24/24,ACCEPTED
435018,WAKE,WHITE,UNDESIGNATED,F,74,GARNER,NC,27529.0,UNA,PRECINCT 15-01,MAIL,UNA,10/20/24,10/25/24,11/1/24,ACCEPTED
462839,WILKES,WHITE,NOT HISPANIC or NOT LATINO,M,74,NORTH WILKESBORO,NC,28659.0,REP,NORTH WILKESBORO,MAIL,REP,10/28/24,10/29/24,11/5/24,ACCEPTED
436436,WAKE,ASIAN,UNDESIGNATED,M,60,CARY,NC,27519.0,UNA,PRECINCT 20-15,MAIL,UNA,8/7/24,9/24/24, , 
21028,BRUNSWICK,WHITE,NOT HISPANIC or NOT LATINO,M,63,LELAND,NC,28451.0,DEM,TOWN CREEK,MAIL,DEM,10/5/24,10/8/24,10/28/24,ACCEPTED
73384,CHATHAM,WHITE,NOT HISPANIC or NOT LATINO,F,93,PITTSBORO,NC,27312.0,DEM,WEST WILLIAMS,MAIL,DEM,9/22/24,9/24/24,10/20/24,ACCEPTED
85572,CUMBERLAND,WHITE,NOT HISPANIC or NOT LATINO,M,70,FAYETTEVILLE,NC,28301.0,DEM,CROSS CREEK 13,MAIL,DEM,9/13/24, , , 
68164,CATAWBA,TWO or MORE RACES,NOT HISPANIC or NOT LATINO,M,20,HICKORY,NC,28601.0,REP,FALLING CREEK,MAIL,REP,10/20/24,10/20/24,10/31/24,ACCEPTED
360653,SAMPSON,UNDESIGNATED,UNDESIGNATED,F,40,MT OLIVE,NC,28365.0,UNA,NEWTON GROVE,MAIL,UNA,10/23/24,10/24/24,11/1/24,ACCEPTED
447130,WAKE,UNDESIGNATED,UNDESIGNATED,U,60,RALEIGH,NC,27616.0,UNA,PRECINCT 13-09,MAIL,UNA,9/28/24,10/2/24,10/31/24,ACCEPTED
5561,ALAMANCE,WHITE,NOT HISPANIC or NOT LATINO,M,71,GRAHAM,NC,27253.0,REP,SOUTH GRAHAM,MAIL,REP,10/7/24,10/9/24,10/14/24,ACCEPTED
105517,DAVIDSON,WHITE,UNDESIGNATED,F,85,WINSTON-SALEM,NC,27127.0,REP,WEST ARCADIA #84,MAIL,REP,9/25/24,9/27/24,11/4/24,ACCEPTED
236890,MECKLENBURG,BLACK or AFRICAN AMERICAN,NOT HISPANIC or NOT LATINO,F,39,CHARLOTTE,NC,28269.0,DEM,PCT 238,MAIL,DEM,7/12/24,9/24/24,10/31/24,ACCEPTED
236338,MECKLENBURG,WHITE,NOT HISPANIC or NOT LATINO,M,88,CHARLOTTE,NC,28212.0,DEM,PCT 064,MAIL,DEM,9/9/24,9/24/24,10/19/24,ACCEPTED
165722,GUILFORD,BLACK or AFRICAN AMERICAN,NOT HISPANIC or NOT LATINO,F,75,GREENSBORO,NC,27405.0,DEM,NMAD,MAIL,DEM,2/22/24,9/24/24,10/16/24,ACCEPTED
256116,MECKLENBURG,WHITE,NOT HISPANIC or NOT LATINO,F,43,CHARLOTTE,NC,28226.0,DEM,PCT 131,MAIL,DEM,10/19/24,10/21/24,11/3/24,ACCEPTED
155457,GASTON,BLACK or AFRICAN AMERICAN,UNDESIGNATED,M,50,GASTONIA,NC,28052.0,DEM,MYRTLE,MAIL,DEM,9/28/24,10/2/24, , 
58847,CALDWELL,UNDESIGNATED,UNDESIGNATED,F,21,LENOIR,NC,28645.0,UNA,,MAIL,UNA,10/21/24,10/22/24, , 
206200,IREDELL,WHITE,NOT HISPANIC or NOT LATINO,M,82,MOORESVILLE,NC,28117.0,UNA,DAVIDSON #1B,MAIL,UNA,9/16/24,9/24/24,10/7/24,ACCEPTED
334895,PENDER,WHITE,NOT HISPANIC or NOT LATINO,F,68,HAMPSTEAD,NC,28443.0,UNA,UPPER TOPSAIL,MAIL,UNA,10/11/24,10/25/24, ,SPOILED-EV
138937,FORSYTH,WHITE,UNDESIGNATED,F,32,WINSTON SALEM,NC,27107.0,DEM,508,MAIL,DEM,10/16/24,10/18/24, , 
312108,NEW HANOVER,UNDESIGNATED,UNDESIGNATED,U,68,WILMINGTON,NC,28409.0,UNA,W33,MAIL,UNA,8/1/24,9/24/24,10/17/24,ACCEPTED
212927,JOHNSTON,UNDESIGNATED,UNDESIGNATED,M,32,BENSON,NC,27504.0,UNA,NORTH PLEASANT GROVE 1,MAIL,UNA,10/19/24,10/21/24, ,SPOILED-EV
465601,WILSON,UNDESIGNATED,UNDESIGNATED,U,63,WILSON,NC,27893.0,UNA,OLDFIELDS,MAIL,UNA,10/15/24,10/15/24, ,SPOILED-EV
206055,IREDELL,WHITE,UNDESIGNATED,M,44,MOORESVILLE,NC,28117.0,REP,DAVIDSON #1B,MAIL,REP,6/21/24,9/24/24, ,SPOILED-EV
196955,HENDERSON,WHITE,NOT HISPANIC or NOT LATINO,M,87,FLAT ROCK,NC,28731.0,DEM,FLAT ROCK,MAIL,DEM,9/23/24,9/25/24,10/18/24,ACCEPTED
150530,GASTON,WHITE,UNDESIGNATED,F,36,GASTONIA,NC,28054.0,REP,GRIER,MAIL,REP,10/9/24,10/14/24, , 
31333,BUNCOMBE,INDIAN AMERICAN or ALASKA NATIVE,NOT HISPANIC or NOT LATINO,F,65,ASHEVILLE,NC,28803.0,UNA,,MAIL,UNA,5/4/24,9/24/24, , 
242506,MECKLENBURG,WHITE,NOT HISPANIC or NOT LATINO,F,61,CORNELIUS,NC,28031.0,REP,PCT 202,MAIL,REP,8/20/24,9/24/24,10/24/24,ACCEPTED
348830,RICHMOND,WHITE,NOT HISPANIC or NOT LATINO,M,24,ROCKINGHAM,NC,28379.0,DEM,ROCKINGHAM #2,MAIL,DEM,8/3/24,9/24/24,11/4/24,ACCEPTED
206878,IREDELL,WHITE,NOT HISPANIC or NOT LATINO,F,27,MOORESVILLE,NC,28115.0,UNA,CODDLE CREEK #3,MAIL,UNA,10/22/24,10/25/24, ,SPOILED-EV
256542,MECKLENBURG,BLACK or AFRICAN AMERICAN,NOT HISPANIC or NOT LATINO,F,90,CHARLOTTE,NC,28226.0,DEM,PCT 101,MAIL,DEM,10/25/24,10/26/24,11/1/24,ACCEPTED
435262,WAKE,UNDESIGNATED,NOT HISPANIC or NOT LATINO,F,62,WAKE FOREST,NC,27587.0,UNA,PRECINCT 19-23,MAIL,UNA,10/16/24,10/22/24, , 
255382,MECKLENBURG,OTHER,NOT HISPANIC or NOT LATINO,U,24,CHARLOTTE,NC,28270.0,UNA,PCT 227,MAIL,UNA,2/29/24,9/24/24,10/18/24,ACCEPTED
235904,MECKLENBURG,WHITE,UNDESIGNATED,M,18,CHARLOTTE,NC,28277.0,REP,PCT 137,MAIL,REP,9/20/24,9/24/24, ,SPOILED
456619,WARREN,WHITE,UNDESIGNATED,F,58,LITTLETON,NC,27850.0,UNA,RIVER,MAIL,UNA,10/8/24,10/8/24,10/18/24,ACCEPTED
211656,JOHNSTON,WHITE,UNDESIGNATED,F,27,PRINCETON,NC,27569.0,UNA,NORTH BOON HILL,MAIL,UNA,10/16/24,10/17/24,11/2/24,ACCEPTED
61037,CARTERET,WHITE,NOT HISPANIC or NOT LATINO,F,89,NEWPORT,NC,28570.0,REP,MOREHEAD 4,MAIL,REP,9/30/24,10/3/24,10/22/24,WITNESS INFO INCOMPLETE
398089,WAKE,BLACK or AFRICAN AMERICAN,NOT HISPANIC or NOT LATINO,U,34,KNIGHTDALE,NC,27545.0,DEM,PRECINCT 17-02,MAIL,DEM,10/22/24,10/29/24, , 
214307,JOHNSTON,WHITE,NOT HISPANIC or NOT LATINO,M,40,BENSON,NC,27504.0,DEM,SOUTH ELEVATION,MAIL,DEM,9/7/24,9/24/24,10/28/24,ACCEPTED
201486,IREDELL,UNDESIGNATED,UNDESIGNATED,U,67,STATESVILLE,NC,28625.0,UNA,BETHANY,MAIL,UNA,9/30/24,9/30/24,10/25/24,ACCEPTED
30662,BUNCOMBE,WHITE,NOT HISPANIC or NOT LATINO,M,81,ASHEVILLE,NC,28803.0,REP,18.2,MAIL,REP,1/15/24,9/24/24,10/14/24,ACCEPTED
24945,BUNCOMBE,WHITE,NOT HISPANIC or NOT LATINO,F,20,WEAVERVILLE,NC,28787.0,UNA,67.1,MAIL,UNA,9/12/24,9/24/24,11/2/24,ACCEPTED
159241,GRANVILLE,UNDESIGNATED,UNDESIGNATED,U,34,CREEDMOOR,NC,27522.0,UNA,MT ENERGY,MAIL,UNA,8/21/24,9/20/24,10/21/24,ACCEPTED
381855,VANCE,WHITE,NOT HISPANIC or NOT LATINO,M,84,HENDERSON,NC,27536.0,DEM,WH,MAIL,DEM,10/9/24,10/10/24,10/23/24,ACCEPTED
37746,BUNCOMBE,WHITE,NOT HISPANIC or NOT LATINO,M,63,FAIRVIEW,NC,28730.0,DEM,39.2,MAIL,DEM,8/23/24,9/24/24,10/28/24,WITNESS INFO INCOMPLETE
419186,WAKE,BLACK or AFRICAN AMERICAN,UNDESIGNATED,F,19,ROLESVILLE,NC,27571.0,DEM,PRECINCT 19-09,MAIL,DEM,10/24/24,10/28/24,11/4/24,ACCEPTED
14702,BRUNSWICK,WHITE,UNDESIGNATED,F,21,SHALLOTTE,NC,28470.0,UNA,SHALLOTTE,MAIL,UNA,10/1/24,10/2/24, , 
165441,GUILFORD,WHITE,NOT HISPANIC or NOT LATINO,F,45,GREENSBORO,NC,27410.0,DEM,G36,MAIL,DEM,8/30/24,9/20/24,10/27/24,ACCEPTED
373215,UNION,WHITE,NOT HISPANIC or NOT LATINO,M,64,MONROE,NC,28110.0,REP,017A,MAIL,REP,9/16/24, , , 
355555,ROWAN,WHITE,NOT HISPANIC or NOT LATINO,F,49,SALISBURY,NC,28146.0,REP,MORGAN #2,MAIL,REP,10/21/24,10/22/24,10/30/24,ACCEPTED
345100,RANDOLPH,WHITE,UNDESIGNATED,M,25,TRINITY,NC,27370.0,REP,TRINITY TABERNACLE,MAIL,REP,9/28/24,9/30/24,10/24/24,ACCEPTED - CURED
169161,GUILFORD,BLACK or AFRICAN AMERICAN,NOT HISPANIC or NOT LATINO,F,30,WHITSETT,NC,27377.0,DEM,RC1,MAIL,DEM,9/17/24,9/24/24,10/29/24,ACCEPTED
417938,WAKE,WHITE,NOT HISPANIC or NOT LATINO,M,55,FUQUAY VARINA,NC,27526.0,REP,PRECINCT 12-01,MAIL,REP,7/25/24,9/24/24,10/3/24,ACCEPTED
328183,ORANGE,WHITE,NOT HISPANIC or NOT LATINO,M,61,MEBANE,NC,27302.0,DEM,CHEEKS,MAIL,DEM,10/28/24,10/29/24,10/31/24,ACCEPTED
328876,ORANGE,WHITE,NOT HISPANIC or NOT LATINO,M,46,CHAPEL HILL,NC,27514.0,UNA,PATTERSON,MAIL,UNA,10/30/24,10/30/24,11/4/24,ACCEPTED
218227,JOHNSTON,UNDESIGNATED,UNDESIGNATED,U,44,SELMA,NC,27576.0,REP,MICRO,MAIL,REP,10/9/24,10/9/24,10/26/24,ACCEPTED
406227,WAKE,UNDESIGNATED,UNDESIGNATED,F,33,CARY,NC,27513.0,DEM,PRECINCT 04-13,MAIL,DEM,10/28/24,10/30/24, , 
49356,CABARRUS,WHITE,UNDESIGNATED,M,38,CONCORD,NC,28027.0,DEM,2-Feb,MAIL,DEM,9/9/24,9/24/24, ,SPOILED-EV
340214,PITT,WHITE,UNDESIGNATED,F,21,GREENVILLE,NC,27858.0,REP,GREENVILLE #11A,MAIL,REP,9/11/24,9/24/24,10/21/24,ACCEPTED
122477,DURHAM,BLACK or AFRICAN AMERICAN,UNDESIGNATED,F,24,DURHAM,NC,27704.0,DEM,23,MAIL,DEM,10/20/24,10/23/24,11/7/24,RETURNED AFTER DEADLINE
417312,WAKE,WHITE,NOT HISPANIC or NOT LATINO,F,59,RALEIGH,NC,27606.0,REP,PRECINCT 18-04,MAIL,REP,9/10/24,9/24/24,11/2/24,ACCEPTED
331519,ORANGE,WHITE,NOT HISPANIC or NOT LATINO,F,35,HILLSBOROUGH,NC,27278.0,DEM,HILLSBOROUGH NORTH,MAIL,DEM,8/31/24,9/24/24,10/26/24,ACCEPTED
158795,GRANVILLE,WHITE,NOT HISPANIC or NOT LATINO,F,52,FRANKLINTON,NC,27525.0,UNA,WILTON,MAIL,UNA,10/17/24,10/18/24,10/28/24,ACCEPTED
401557,WAKE,WHITE,NOT HISPANIC or NOT LATINO,M,84,RALEIGH,NC,27603.0,UNA,PRECINCT 15-04,MAIL,UNA,9/18/24,9/24/24,10/4/24,ACCEPTED
306060,NEW HANOVER,UNDESIGNATED,UNDESIGNATED,U,48,WILMINGTON,NC,28411.0,UNA,H13,MAIL,UNA,9/25/24,9/28/24,10/29/24,ACCEPTED
319875,ONSLOW,UNDESIGNATED,UNDESIGNATED,U,31,HUBERT,NC,28539.0,REP,HU20,MAIL,REP,8/27/24,9/24/24, ,SPOILED-EV
174530,GUILFORD,BLACK or AFRICAN AMERICAN,NOT HISPANIC or NOT LATINO,F,76,SUMMERFIELD,NC,27358.0,DEM,SF3,MAIL,DEM,8/8/24,9/24/24,10/21/24,WITNESS INFO INCOMPLETE
216390,JOHNSTON,BLACK or AFRICAN AMERICAN,UNDESIGNATED,M,34,MIDDLESEX,NC,27557.0,UNA,NORTH ONEALS,MAIL,UNA,8/4/24,9/24/24,11/5/24,ACCEPTED
140281,FORSYTH,WHITE,NOT HISPANIC or NOT LATINO,F,67,WINSTON SALEM,NC,27104.0,DEM,806,MAIL,DEM,9/25/24,9/26/24, ,SPOILED-EV
189202,HAYWOOD,WHITE,UNDESIGNATED,M,69,LAKE JUNALUSKA,NC,28745.0,UNA,LAKE JUNALUSKA,MAIL,UNA,2/27/24,9/24/24, ,SPOILED-EV
321715,ONSLOW,WHITE,HISPANIC or LATINO,F,52,JACKSONVILLE,NC,28540.0,REP,HM05,MAIL,REP,10/14/24, , , 
304028,NEW HANOVER,WHITE,UNDESIGNATED,F,29,CAROLINA BEACH,NC,28428.0,UNA,FP08,MAIL,UNA,7/29/24,9/24/24,10/25/24,ACCEPTED
208925,IREDELL,WHITE,NOT HISPANIC or NOT LATINO,M,28,TROUTMAN,NC,28166.0,DEM,FALLSTOWN,MAIL,DEM,10/17/24,10/17/24,11/2/24,ACCEPTED
82506,CRAVEN,WHITE,NOT HISPANIC or NOT LATINO,M,22,HAVELOCK,NC,28532.0,UNA,HAVELOCK,MAIL,UNA,10/22/24,10/24/24, , 
108538,DUPLIN,WHITE,NOT HISPANIC or NOT LATINO,M,36,WALLACE,NC,28466.0,UNA,WALLACE,MAIL,UNA,1/16/24,9/24/24, ,SPOILED-EV
251399,MECKLENBURG,WHITE,NOT HISPANIC or NOT LATINO,F,57,CHARLOTTE,NC,28277.0,REP,PCT 226,MAIL,REP,8/9/24,9/24/24, ,SPOILED-EV
9831,BEAUFORT,BLACK or AFRICAN AMERICAN,UNDESIGNATED,F,56,WASHINGTON,NC,27889.0,DEM,WASHINGTON WARD 4,MAIL,DEM,8/25/24,9/24/24, ,SPOILED-EV
401262,WAKE,WHITE,NOT HISPANIC or NOT LATINO,F,69,APEX,NC,27523.0,DEM,PRECINCT 20-08,MAIL,DEM,9/11/24,9/24/24,10/26/24,ACCEPTED
7189,ALEXANDER,UNDESIGNATED,UNDESIGNATED,M,34,TAYLORSVILLE,NC,28681.0,DEM,WITTENBURG,MAIL,DEM,9/25/24,9/26/24,9/30/24,ACCEPTED
270742,MECKLENBURG,WHITE,NOT HISPANIC or NOT LATINO,F,34,HUNTERSVILLE,NC,28078.0,UNA,PCT 142,MAIL,UNA,9/29/24,9/30/24,10/19/24,ACCEPTED
400853,WAKE,BLACK or AFRICAN AMERICAN,UNDESIGNATED,F,66,RALEIGH,NC,27616.0,DEM,PRECINCT 19-17,MAIL,DEM,7/16/24,9/24/24, ,SPOILED-EV
84742,CRAVEN,WHITE,NOT HISPANIC or NOT LATINO,F,67,NEW BERN,NC,28562.0,DEM,GRANTHAM 2B,MAIL,DEM,7/11/24,9/24/24, , 
164914,GUILFORD,UNDESIGNATED,UNDESIGNATED,U,33,GREENSBORO,NC,27405.0,UNA,G07,MAIL,UNA,10/16/24,10/17/24, , 
93877,CUMBERLAND,WHITE,NOT HISPANIC or NOT LATINO,F,33,HOPE MILLS,NC,28348.0,UNA,HOPE MILLS 2B-G9,MAIL,UNA,10/26/24,10/28/24,11/5/24,ACCEPTED
345781,RANDOLPH,WHITE,NOT HISPANIC or NOT LATINO,F,68,RANDLEMAN,NC,27317.0,UNA,RANDLEMAN,MAIL,UNA,10/17/24, , , 
398518,WAKE,UNDESIGNATED,UNDESIGNATED,U,42,CARY,NC,27518.0,UNA,PRECINCT 06-07,MAIL,UNA,8/4/24,9/24/24,10/25/24,ACCEPTED
441816,WAKE,ASIAN,UNDESIGNATED,M,70,RALEIGH,NC,27617.0,UNA,PRECINCT 05-05,MAIL,UNA,10/2/24,10/7/24,10/26/24,ACCEPTED
207745,IREDELL,WHITE,NOT HISPANIC or NOT LATINO,F,73,TROUTMAN,NC,28166.0,REP,FALLSTOWN,MAIL,REP,10/28/24,10/28/24,11/4/24,ACCEPTED
295756,MOORE,WHITE,UNDESIGNATED,M,21,CARTHAGE,NC,28327.0,REP,CAMERON,MAIL,REP,10/24/24,10/25/24, , 
433284,WAKE,UNDESIGNATED,UNDESIGNATED,M,26,RALEIGH,NC,27610.0,UNA,PRECINCT 01-35,MAIL,UNA,3/2/24,9/24/24,11/2/24,ACCEPTED
379883,UNION,UNDESIGNATED,UNDESIGNATED,U,72,INDIAN TRAIL,NC,28079.0,DEM,038A,MAIL,DEM,7/16/24,9/20/24,10/14/24,ACCEPTED
98373,DARE,WHITE,UNDESIGNATED,F,38,MANTEO,NC,27954.0,UNA,MANTEO,MAIL,UNA,9/23/24,9/24/24,10/30/24,ACCEPTED
93197,CUMBERLAND,BLACK or AFRICAN AMERICAN,UNDESIGNATED,F,63,FAYETTEVILLE,NC,28306.0,DEM,PEARCES MILL 3-G3,MAIL,DEM,9/6/24,9/24/24,11/5/24,ACCEPTED
84945,CUMBERLAND,WHITE,UNDESIGNATED,F,77,SPRING LAKE,NC,28390.0,UNA,MANCHESTER-G11,MAIL,UNA,9/16/24,9/25/24,10/13/24,ACCEPTED
251490,MECKLENBURG,WHITE,UNDESIGNATED,M,54,HUNTERSVILLE,NC,28078.0,UNA,PCT 143,MAIL,UNA,10/9/24,10/12/24,11/3/24,ACCEPTED
86451,CUMBERLAND,UNDESIGNATED,HISPANIC or LATINO,F,37,FORT LIBERTY,NC,28307.0,REP,MANCHESTER-G11,MAIL,REP,9/3/24,9/20/24, , 
11068,BERTIE,UNDESIGNATED,UNDESIGNATED,U,35,WINDSOR,NC,27983.0,DEM,WINDSOR 1,MAIL,DEM,10/16/24,10/28/24, , 
319474,ONSLOW,BLACK or AFRICAN AMERICAN,NOT HISPANIC or NOT LATINO,M,77,JACKSONVILLE,NC,28540.0,DEM,TL06,MAIL,DEM,9/20/24,9/24/24,10/29/24,ACCEPTED
468268,YANCEY,WHITE,NOT HISPANIC or NOT LATINO,M,75,MARS HILL,NC,28754.0,DEM,EGYPT,MAIL,DEM,8/20/24,9/20/24,10/21/24,ACCEPTED
372074,UNION,WHITE,NOT HISPANIC or NOT LATINO,M,56,WAXHAW,NC,28173.0,DEM,0044,MAIL,DEM,10/9/24,10/14/24, ,SPOILED-EV
388759,WAKE,WHITE,NOT HISPANIC or NOT LATINO,M,69,CARY,NC,27519.0,REP,PRECINCT 20-10,MAIL,REP,3/4/24,9/24/24,11/4/24,ACCEPTED
451242,WAKE,WHITE,NOT HISPANIC or NOT LATINO,F,19,RALEIGH,NC,27615.0,UNA,PRECINCT 07-06,MAIL,UNA,9/25/24,9/27/24,11/2/24,ACCEPTED
281296,MECKLENBURG,WHITE,NOT HISPANIC or NOT LATINO,M,64,CHARLOTTE,NC,28210.0,UNA,PCT 076,MAIL,UNA,9/12/24,9/24/24, ,SPOILED-EV
385853,WAKE,WHITE,NOT HISPANIC or NOT LATINO,M,32,RALEIGH,NC,27609.0,DEM,PRECINCT 01-39,MAIL,DEM,10/25/24,10/29/24, , 
333120,PASQUOTANK,WHITE,UNDESIGNATED,F,79,ELIZABETH CITY,NC,27909.0,REP,MT  HERMON,MAIL,REP,9/25/24,9/26/24,10/2/24,WITNESS INFO INCOMPLETE
165113,GUILFORD,WHITE,UNDESIGNATED,M,47,MCLEANSVILLE,NC,27301.0,UNA,JEF2,MAIL,UNA,8/29/24,9/24/24, ,SPOILED-EV
239475,MECKLENBURG,WHITE,NOT HISPANIC or NOT LATINO,F,22,HUNTERSVILLE,NC,28078.0,REP,PCT 142,MAIL,REP,10/9/24,10/10/24, , 
263581,MECKLENBURG,WHITE,NOT HISPANIC or NOT LATINO,M,47,CHARLOTTE,NC,28277.0,UNA,PCT 112,MAIL,UNA,10/14/24,10/15/24,10/29/24,ACCEPTED
310761,NEW HANOVER,WHITE,NOT HISPANIC or NOT LATINO,M,85,WILMINGTON,NC,28403.0,REP,W12,MAIL,REP,9/7/24,9/24/24,10/5/24,ACCEPTED
345822,RANDOLPH,WHITE,NOT HISPANIC or NOT LATINO,F,36,RANDLEMAN,NC,27317.0,REP,BACK CREEK,MAIL,REP,9/19/24,9/24/24,10/22/24,ACCEPTED
135382,FORSYTH,BLACK or AFRICAN AMERICAN,NOT HISPANIC or NOT LATINO,F,25,CLEMMONS,NC,27012.0,DEM,77,MAIL,DEM,10/23/24,10/24/24, , 
219488,LEE,WHITE,NOT HISPANIC or NOT LATINO,M,27,BROADWAY,NC,27505.0,UNA,PRECINCT E1,MAIL,UNA,9/16/24,9/24/24,10/18/24,ACCEPTED
368732,TRANSYLVANIA,WHITE,NOT HISPANIC or NOT LATINO,F,80,CEDAR MOUNTAIN,NC,28718.0,UNA,CEDAR MOUNTAIN,MAIL,UNA,9/16/24,9/24/24,10/25/24,ACCEPTED
389840,WAKE,WHITE,UNDESIGNATED,F,58,RALEIGH,NC,27603.0,UNA,PRECINCT 15-02,MAIL,UNA,8/15/24,9/24/24,11/2/24,ACCEPTED
231370,MECKLENBURG,WHITE,NOT HISPANIC or NOT LATINO,M,78,CHARLOTTE,NC,28226.0,REP,PCT 086,MAIL,REP,10/10/24,10/11/24,11/4/24,SPOILED
230738,MECKLENBURG,BLACK or AFRICAN AMERICAN,UNDESIGNATED,F,47,CHARLOTTE,NC,28216.0,UNA,PCT 211,MAIL,UNA,10/16/24,10/17/24,10/30/24,ACCEPTED
36048,BUNCOMBE,WHITE,UNDESIGNATED,F,43,BARNARDSVILLE,NC,28709.0,UNA,50.1,MAIL,UNA,8/26/24,9/24/24,10/29/24,ACCEPTED
309122,NEW HANOVER,WHITE,UNDESIGNATED,M,26,WILMINGTON,NC,28412.0,REP,W30,MAIL,REP,10/28/24,10/30/24,11/5/24,ACCEPTED
303946,NEW HANOVER,WHITE,UNDESIGNATED,M,27,WILMINGTON,NC,28401.0,UNA,W27,MAIL,UNA,10/26/24,10/28/24,11/8/24,RETURNED AFTER DEADLINE
464050,WILKES,WHITE,NOT HISPANIC or NOT LATINO,F,67,ROARING RIVER,NC,28669.0,REP,EDWARDS #2,MAIL,REP,10/21/24,10/22/24,10/28/24,ACCEPTED
50485,CABARRUS,WHITE,UNDESIGNATED,M,31,KANNAPOLIS,NC,28083.0,REP,May-00,MAIL,REP,10/23/24,10/24/24,10/31/24,ACCEPTED
46812,CABARRUS,WHITE,NOT HISPANIC or NOT LATINO,F,50,CONCORD,NC,28027.0,DEM,8-Feb,MAIL,DEM,10/3/24,10/4/24,10/22/24,ACCEPTED
431135,WAKE,WHITE,NOT HISPANIC or NOT LATINO,M,44,ROLESVILLE,NC,27571.0,UNA,PRECINCT 19-09,MAIL,UNA,8/15/24,9/24/24,10/17/24,ACCEPTED
92841,CUMBERLAND,BLACK or AFRICAN AMERICAN,UNDESIGNATED,F,69,FAYETTEVILLE,NC,28306.0,DEM,CUMBERLAND 3-G8,MAIL,DEM,8/23/24,9/24/24,10/8/24,ACCEPTED
237508,MECKLENBURG,BLACK or AFRICAN AMERICAN,NOT HISPANIC or NOT LATINO,F,32,CHARLOTTE,NC,28269.0,DEM,PCT 239,MAIL,DEM,10/8/24,10/9/24, ,SPOILED-EV
204284,IREDELL,WHITE,NOT HISPANIC or NOT LATINO,F,18,MOORESVILLE,NC,28117.0,UNA,DAVIDSON #2B,MAIL,UNA,9/16/24,9/24/24,11/5/24,ACCEPTED
399455,WAKE,WHITE,UNDESIGNATED,F,58,RALEIGH,NC,27616.0,REP,PRECINCT 19-17,MAIL,REP,10/7/24,10/9/24, , 
21587,BRUNSWICK,WHITE,UNDESIGNATED,M,50,SUPPLY,NC,28462.0,DEM,SUPPLY,MAIL,DEM,10/17/24,10/18/24, , 
255888,MECKLENBURG,WHITE,UNDESIGNATED,M,43,CHARLOTTE,NC,28203.0,UNA,PCT 020,MAIL,UNA,8/29/24,9/24/24, ,SPOILED-EV
110878,DURHAM,UNDESIGNATED,UNDESIGNATED,F,63,DURHAM,NC,27713.0,UNA,35-4,MAIL,UNA,8/26/24,9/24/24, ,SPOILED-EV
267377,MECKLENBURG,WHITE,NOT HISPANIC or NOT LATINO,M,69,CHARLOTTE,NC,28269.0,UNA,PCT 151,MAIL,UNA,9/18/24,9/24/24,10/16/24,ACCEPTED
50335,CABARRUS,WHITE,NOT HISPANIC or NOT LATINO,M,36,HUNTERSVILLE,NC,28078.0,DEM,8-Feb,MAIL,DEM,10/16/24,10/17/24, ,SPOILED-EV
33976,BUNCOMBE,WHITE,NOT HISPANIC or NOT LATINO,M,20,ASHEVILLE,NC,28806.0,UNA,24.1,MAIL,UNA,11/2/24,11/2/24, , 
340678,PITT,WHITE,NOT HISPANIC or NOT LATINO,F,23,GREENVILLE,NC,27834.0,UNA,GREENVILLE #12B,MAIL,UNA,9/28/24,9/30/24,10/25/24,ACCEPTED
394225,WAKE,WHITE,NOT HISPANIC or NOT LATINO,M,82,RALEIGH,NC,27612.0,UNA,PRECINCT 07-12,MAIL,UNA,10/8/24,10/14/24,11/2/24,ACCEPTED
402732,WAKE,BLACK or AFRICAN AMERICAN,NOT HISPANIC or NOT LATINO,M,52,CARY,NC,27519.0,UNA,PRECINCT 20-16,MAIL,UNA,8/6/24,9/24/24, ,SPOILED-EV
110533,DURHAM,OTHER,NOT HISPANIC or NOT LATINO,M,86,DURHAM,NC,27703.0,UNA,30-3,MAIL,UNA,9/24/24,9/24/24,10/28/24,ACCEPTED
241724,MECKLENBURG,UNDESIGNATED,UNDESIGNATED,M,71,CHARLOTTE,NC,28226.0,UNA,PCT 101,MAIL,UNA,9/19/24,9/24/24,11/3/24,PENDING CURE
78430,CLEVELAND,WHITE,NOT HISPANIC or NOT LATINO,M,19,SHELBY,NC,28152.0,REP,SHANGHAI,MAIL,REP,8/26/24,9/24/24,10/19/24,ACCEPTED
299133,MOORE,TWO or MORE RACES,NOT HISPANIC or NOT LATINO,F,49,SOUTHERN PINES,NC,28387.0,UNA,PINEDENE,MAIL,UNA,11/4/24,11/4/24,11/6/24,ACCEPTED
274897,MECKLENBURG,WHITE,NOT HISPANIC or NOT LATINO,F,55,CHARLOTTE,NC,28277.0,UNA,PCT 140,MAIL,UNA,10/8/24,10/9/24,10/30/24,ACCEPTED
83894,CRAVEN,WHITE,NOT HISPANIC or NOT LATINO,F,24,NEW BERN,NC,28562.0,UNA,GEORGE STREET,MAIL,UNA,10/23/24,10/24/24, , 
207883,IREDELL,WHITE,NOT HISPANIC or NOT LATINO,F,54,MOORESVILLE,NC,28115.0,REP,CODDLE CREEK #2,MAIL,REP,9/19/24,9/24/24, ,SPOILED-EV
22630,BRUNSWICK,WHITE,NOT HISPANIC or NOT LATINO,F,62,SOUTHPORT,NC,28461.0,UNA,SOUTHPORT 1,MAIL,UNA,3/14/24,9/24/24, ,SPOILED-EV
283747,MECKLENBURG,WHITE,NOT HISPANIC or NOT LATINO,F,96,CHARLOTTE,NC,28210.0,DEM,PCT 092,MAIL,DEM,3/8/24,9/24/24,10/4/24,ACCEPTED
160608,GREENE,BLACK or AFRICAN AMERICAN,NOT HISPANIC or NOT LATINO,F,43,SNOW HILL,NC,28580.0,DEM,SHINE,MAIL,DEM,10/16/24,10/21/24,11/4/24,SPOILED
175390,GUILFORD,UNDESIGNATED,UNDESIGNATED,F,54,BROWNS SUMMIT,NC,27214.0,DEM,MON2A,MAIL,DEM,8/3/24,9/24/24, ,SPOILED-EV
367909,SURRY,WHITE,NOT HISPANIC or NOT LATINO,M,72,ARARAT,NC,27007.0,REP,ELDORA,MAIL,REP,9/23/24,9/24/24,9/30/24,ACCEPTED
432887,WAKE,WHITE,NOT HISPANIC or NOT LATINO,M,20,WAKE FOREST,NC,27587.0,REP,PRECINCT 14-02,MAIL,REP,9/18/24,9/24/24,10/27/24,ACCEPTED
127817,FORSYTH,UNDESIGNATED,UNDESIGNATED,U,21,WINSTON SALEM,NC,27107.0,UNA,501,MAIL,UNA,10/24/24,10/27/24, , 
76621,CLEVELAND,WHITE,NOT HISPANIC or NOT LATINO,F,45,SHELBY,NC,28152.0,REP,RIPPY,MAIL,REP,9/30/24,10/1/24, , 
451481,WAKE,WHITE,NOT HISPANIC or NOT LATINO,F,47,HOLLY SPRINGS,NC,27540.0,REP,PRECINCT 06-05,MAIL,REP,8/5/24,9/24/24,10/17/24,ACCEPTED
250681,MECKLENBURG,UNDESIGNATED,NOT HISPANIC or NOT LATINO,M,48,CHARLOTTE,NC,28269.0,UNA,PCT 145,MAIL,UNA,9/3/24,9/24/24, ,SPOILED-EV
446301,WAKE,WHITE,NOT HISPANIC or NOT LATINO,M,70,WAKE FOREST,NC,27587.0,DEM,PRECINCT 19-07,MAIL,DEM,8/10/24,9/24/24,10/7/24,ACCEPTED
125862,DURHAM,WHITE,UNDESIGNATED,F,29,DURHAM,NC,27713.0,UNA,54,MAIL,DEM,9/12/24,9/24/24,10/4/24,ACCEPTED
458569,WATAUGA,WHITE,NOT HISPANIC or NOT LATINO,F,53,VILAS,NC,28692.0,DEM,COVE CREEK,MAIL,DEM,10/28/24,10/28/24,11/4/24,ACCEPTED
265000,MECKLENBURG,WHITE,NOT HISPANIC or NOT LATINO,M,38,CHARLOTTE,NC,28209.0,UNA,PCT 020,MAIL,UNA,10/13/24,10/15/24,10/31/24,ACCEPTED
285135,MECKLENBURG,BLACK or AFRICAN AMERICAN,NOT HISPANIC or NOT LATINO,F,57,CHARLOTTE,NC,28211.0,DEM,PCT 047,MAIL,DEM,10/6/24,10/8/24,11/1/24,ACCEPTED
309463,NEW HANOVER,UNDESIGNATED,UNDESIGNATED,U,49,WILMINGTON,NC,28411.0,UNA,CF05,MAIL,UNA,8/24/24,9/20/24, , 
164318,GUILFORD,WHITE,UNDESIGNATED,F,25,GREENSBORO,NC,27455.0,DEM,,MAIL,DEM,10/18/24,10/18/24,10/30/24,PENDING CURE
165752,GUILFORD,BLACK or AFRICAN AMERICAN,UNDESIGNATED,F,29,GREENSBORO,NC,27407.0,DEM,G37,MAIL,DEM,11/1/24,11/2/24,11/5/24,ACCEPTED
230329,MCDOWELL,WHITE,UNDESIGNATED,F,63,MARION,NC,28752.0,REP,WEST MARION #7,MAIL,REP,9/23/24,9/24/24, ,SPOILED-EV
48153,CABARRUS,WHITE,NOT HISPANIC or NOT LATINO,U,58,CONCORD,NC,28027.0,UNA,8-Feb,MAIL,UNA,10/16/24,10/17/24,11/3/24,ACCEPTED
352557,ROCKINGHAM,WHITE,NOT HISPANIC or NOT LATINO,M,85,STONEVILLE,NC,27048.0,REP,MATRIMONY,MAIL,REP,10/18/24,10/21/24,10/28/24,ACCEPTED
403462,WAKE,WHITE,NOT HISPANIC or NOT LATINO,M,71,RALEIGH,NC,27613.0,DEM,PRECINCT 08-05,MAIL,DEM,8/27/24,9/24/24, ,SPOILED-EV
247131,MECKLENBURG,WHITE,UNDESIGNATED,F,22,CHARLOTTE,NC,28226.0,DEM,PCT 069,MAIL,DEM,7/9/24,9/24/24, ,SPOILED
333716,PASQUOTANK,BLACK or AFRICAN AMERICAN,UNDESIGNATED,M,55,ELIZABETH CITY,NC,27909.0,UNA,PROVIDENCE,MAIL,UNA,9/13/24,9/24/24, , 
309265,NEW HANOVER,WHITE,NOT HISPANIC or NOT LATINO,F,46,WILMINGTON,NC,28405.0,UNA,W27,MAIL,UNA,9/19/24,9/24/24,10/15/24,ACCEPTED
465748,WILSON,WHITE,NOT HISPANIC or NOT LATINO,M,75,WILSON,NC,27893.0,DEM,WILSON J,MAIL,DEM,9/13/24,9/24/24, , 
421726,WAKE,WHITE,UNDESIGNATED,F,18,FUQUAY VARINA,NC,27526.0,REP,PRECINCT 12-02,MAIL,REP,10/23/24,10/29/24,11/5/24,ACCEPTED
362682,STANLY,WHITE,NOT HISPANIC or NOT LATINO,U,53,LOCUST,NC,28097.0,REP,FURR NUMBER 1,MAIL,REP,9/10/24,9/24/24,10/2/24,ACCEPTED
269010,MECKLENBURG,BLACK or AFRICAN AMERICAN,UNDESIGNATED,M,66,HUNTERSVILLE,NC,28078.0,DEM,PCT 209,MAIL,DEM,10/2/24,10/3/24,10/31/24,ACCEPTED
3084,ALAMANCE,WHITE,UNDESIGNATED,F,23,BURLINGTON,NC,27215.0,UNA,CENTRAL BOONE,MAIL,UNA,10/15/24,10/16/24,11/1/24,ACCEPTED
339630,PITT,WHITE,NOT HISPANIC or NOT LATINO,M,92,WINTERVILLE,NC,28590.0,DEM,WINTERVILLE WEST,MAIL,DEM,10/27/24,10/29/24,11/1/24,SPOILED
182758,HALIFAX,WHITE,NOT HISPANIC or NOT LATINO,M,75,LITTLETON,NC,27850.0,DEM,FAUCETT,MAIL,DEM,9/19/24,9/24/24,10/14/24,ACCEPTED
278098,MECKLENBURG,UNDESIGNATED,UNDESIGNATED,U,34,CHARLOTTE,NC,28273.0,UNA,PCT 229,MAIL,UNA,6/6/24,9/24/24,11/1/24,ACCEPTED
262374,MECKLENBURG,WHITE,NOT HISPANIC or NOT LATINO,F,78,CHARLOTTE,NC,28207.0,REP,PCT 018,MAIL,REP,8/27/24,9/24/24,9/30/24,ACCEPTED
113187,DURHAM,OTHER,UNDESIGNATED,M,33,DURHAM,NC,27707.0,UNA,09,MAIL,UNA,9/17/24,9/24/24,10/28/24,ACCEPTED
187815,HARNETT,WHITE,NOT HISPANIC or NOT LATINO,M,56,COATS,NC,27521.0,REP,COATS/GROVE,MAIL,REP,1/19/24,9/24/24,10/10/24,WITNESS INFO INCOMPLETE
198567,HOKE,WHITE,NOT HISPANIC or NOT LATINO,M,82,RAEFORD,NC,28376.0,DEM,ROCKFISH,MAIL,DEM,8/16/24,9/23/24, , 
367818,SURRY,WHITE,NOT HISPANIC or NOT LATINO,F,81,MOUNT AIRY,NC,27030.0,REP,MT AIRY #9,MAIL,REP,9/25/24,9/26/24, , 
398369,WAKE,BLACK or AFRICAN AMERICAN,NOT HISPANIC or NOT LATINO,F,63,RALEIGH,NC,27604.0,UNA,PRECINCT 17-05,MAIL,UNA,10/17/24,10/22/24, ,SPOILED-EV
67842,CATAWBA,WHITE,UNDESIGNATED,F,73,NEWTON,NC,28658.0,REP,WEST NEWTON,MAIL,REP,4/24/24,9/16/24,10/4/24,ACCEPTED
432903,WAKE,UNDESIGNATED,UNDESIGNATED,U,60,RALEIGH,NC,27613.0,UNA,PRECINCT 08-07,MAIL,UNA,3/4/24,9/24/24, ,SPOILED-EV
256931,MECKLENBURG,WHITE,NOT HISPANIC or NOT LATINO,F,28,CHARLOTTE,NC,28202.0,DEM,PCT 009,MAIL,DEM,9/23/24,9/26/24,10/17/24,ACCEPTED
230456,MCDOWELL,WHITE,NOT HISPANIC or NOT LATINO,M,71,MARION,NC,28752.0,REP,WEST MARION #7,MAIL,REP,9/9/24,9/24/24, ,SPOILED-EV
118298,DURHAM,WHITE,NOT HISPANIC or NOT LATINO,M,25,DURHAM,NC,27705.0,UNA,43,MAIL,UNA,10/31/24,10/31/24,11/1/24,ACCEPTED
260032,MECKLENBURG,WHITE,NOT HISPANIC or NOT LATINO,F,73,CHARLOTTE,NC,28214.0,DEM,PCT 081,MAIL,DEM,10/2/24,10/3/24, ,SPOILED
420210,WAKE,WHITE,NOT HISPANIC or NOT LATINO,F,53,FUQUAY VARINA,NC,27526.0,DEM,PRECINCT 12-01,MAIL,DEM,10/21/24,10/28/24,11/6/24,RETURNED AFTER DEADLINE
245285,MECKLENBURG,WHITE,NOT HISPANIC or NOT LATINO,F,30,CHARLOTTE,NC,28273.0,UNA,PCT 230,MAIL,UNA,7/16/24,9/24/24, , 
100257,DAVIDSON,WHITE,NOT HISPANIC or NOT LATINO,F,42,WINSTON-SALEM,NC,27107.0,REP,WALLBURG #80A,MAIL,REP,8/21/24,9/24/24,10/21/24,ACCEPTED
100388,DAVIDSON,WHITE,NOT HISPANIC or NOT LATINO,F,45,LINWOOD,NC,27299.0,UNA,COTTON GROVE  #10,MAIL,UNA,6/21/24,9/20/24,10/25/24,ACCEPTED
320985,ONSLOW,WHITE,NOT HISPANIC or NOT LATINO,F,18,SWANSBORO,NC,28584.0,UNA,SW19,MAIL,UNA,8/10/24,9/24/24,10/28/24,ACCEPTED
176949,GUILFORD,UNDESIGNATED,HISPANIC or LATINO,F,35,GREENSBORO,NC,27407.0,DEM,G60,MAIL,DEM,10/22/24,10/25/24, ,SPOILED-EV
362636,STANLY,WHITE,NOT HISPANIC or NOT LATINO,M,62,ALBEMARLE,NC,28001.0,REP,ALBEMARLE 8.1,MAIL,REP,8/14/24,9/24/24,10/18/24,ACCEPTED
358413,RUTHERFORD,WHITE,UNDESIGNATED,M,37,ELLENBORO,NC,28040.0,REP,ELLENBORO,MAIL,REP,7/5/24,9/24/24,10/17/24,ACCEPTED
153163,GASTON,WHITE,NOT HISPANIC or NOT LATINO,M,57,MOUNT HOLLY,NC,28120.0,DEM,LUCIA,MAIL,DEM,10/5/24,10/9/24, ,SPOILED-EV
413554,WAKE,WHITE,NOT HISPANIC or NOT LATINO,M,25,RALEIGH,NC,27606.0,DEM,PRECINCT 01-49,MAIL,DEM,10/16/24,10/18/24,11/4/24,ACCEPTED
446181,WAKE,WHITE,NOT HISPANIC or NOT LATINO,F,20,CARY,NC,27513.0,UNA,PRECINCT 04-13,MAIL,UNA,9/8/24,9/24/24, ,SPOILED-EV
271046,MECKLENBURG,WHITE,NOT HISPANIC or NOT LATINO,F,40,CHARLOTTE,NC,28211.0,UNA,PCT 035,MAIL,UNA,10/9/24,10/9/24,11/5/24,ACCEPTED
284681,MECKLENBURG,WHITE,NOT HISPANIC or NOT LATINO,F,96,CHARLOTTE,NC,28214.0,UNA,,MAIL,UNA,8/1/24, , , 
200208,IREDELL,BLACK or AFRICAN AMERICAN,NOT HISPANIC or NOT LATINO,F,75,STATESVILLE,NC,28625.0,DEM,STATESVILLE #1,MAIL,DEM,1/24/24,9/24/24,10/9/24,ACCEPTED
247680,MECKLENBURG,WHITE,UNDESIGNATED,M,60,CHARLOTTE,NC,28278.0,UNA,PCT 243,MAIL,UNA,9/26/24,9/30/24,10/8/24,ACCEPTED
300434,NASH,WHITE,NOT HISPANIC or NOT LATINO,M,56,ROCKY MOUNT,NC,27804.0,DEM,ROCKY MOUNT WINSTEAD,MAIL,DEM,8/7/24,9/24/24,10/9/24,ACCEPTED
313130,NEW HANOVER,WHITE,NOT HISPANIC or NOT LATINO,M,39,WILMINGTON,NC,28405.0,REP,CF06,MAIL,REP,10/20/24,10/22/24,11/1/24,ACCEPTED
358436,RUTHERFORD,WHITE,HISPANIC or LATINO,M,21,FOREST CITY,NC,28043.0,UNA,HAYNES,MAIL,UNA,8/4/24,9/24/24,10/11/24,ACCEPTED
140525,FORSYTH,UNDESIGNATED,UNDESIGNATED,U,23,WINSTON SALEM,NC,27103.0,DEM,51,MAIL,DEM,7/27/24,9/20/24, , 
443938,WAKE,WHITE,NOT HISPANIC or NOT LATINO,M,85,RALEIGH,NC,27609.0,DEM,PRECINCT 01-51,MAIL,DEM,10/29/24,10/30/24,11/4/24,ACCEPTED
174211,GUILFORD,WHITE,NOT HISPANIC or NOT LATINO,F,71,GREENSBORO,NC,27410.0,UNA,CG1,MAIL,UNA,10/16/24,10/17/24,10/26/24,ACCEPTED
418033,WAKE,OTHER,HISPANIC or LATINO,F,53,RALEIGH,NC,27616.0,UNA,PRECINCT 13-09,MAIL,UNA,9/1/24,9/24/24,10/26/24,ACCEPTED
127667,FORSYTH,WHITE,NOT HISPANIC or NOT LATINO,F,75,WINSTON SALEM,NC,27103.0,UNA,123,MAIL,UNA,7/16/24,9/24/24,10/7/24,ACCEPTED
199227,HOKE,BLACK or AFRICAN AMERICAN,NOT HISPANIC or NOT LATINO,M,43,RAEFORD,NC,28376.0,UNA,PUPPY CREEK,MAIL,UNA,9/20/24,10/21/24, , 
18659,BRUNSWICK,WHITE,NOT HISPANIC or NOT LATINO,F,25,SHALLOTTE,NC,28470.0,UNA,FRYING PAN,MAIL,UNA,9/11/24,9/24/24,10/11/24,ACCEPTED
356851,ROWAN,WHITE,NOT HISPANIC or NOT LATINO,F,72,SALISBURY,NC,28144.0,UNA,FRANKLIN,MAIL,UNA,8/31/24,9/24/24,10/30/24,ACCEPTED
108494,DUPLIN,WHITE,NOT HISPANIC or NOT LATINO,F,21,CHINQUAPIN,NC,28521.0,UNA,CHINQUAPIN,MAIL,UNA,8/15/24,9/24/24,10/20/24,WITNESS INFO INCOMPLETE
264891,MECKLENBURG,UNDESIGNATED,UNDESIGNATED,U,26,CHARLOTTE,NC,28262.0,DEM,PCT 146,MAIL,DEM,9/7/24,9/24/24,11/5/24,ACCEPTED
379759,UNION,WHITE,NOT HISPANIC or NOT LATINO,F,83,MONROE,NC,28110.0,REP,0005,MAIL,REP,10/5/24,10/10/24,10/21/24,ACCEPTED
227465,MACON,WHITE,UNDESIGNATED,F,74,TOPTON,NC,28781.0,REP,NANTAHALA,MAIL,REP,10/14/24,10/15/24,10/30/24,ACCEPTED
175661,GUILFORD,WHITE,NOT HISPANIC or NOT LATINO,F,73,GREENSBORO,NC,27455.0,DEM,G26,MAIL,DEM,8/7/24,9/24/24,10/1/24,ACCEPTED
2379,ALAMANCE,WHITE,NOT HISPANIC or NOT LATINO,F,59,ELON,NC,27244.0,REP,BOONE 5,MAIL,REP,9/16/24,9/24/24, , 
201198,IREDELL,WHITE,NOT HISPANIC or NOT LATINO,F,70,STATESVILLE,NC,28625.0,DEM,SHILOH-A,MAIL,DEM,7/28/24,9/24/24,10/21/24,ACCEPTED
450140,WAKE,WHITE,NOT HISPANIC or NOT LATINO,F,75,GARNER,NC,27529.0,UNA,PRECINCT 16-04,MAIL,UNA,10/1/24,10/4/24,10/27/24,ACCEPTED
255834,MECKLENBURG,WHITE,NOT HISPANIC or NOT LATINO,F,41,MATTHEWS,NC,28105.0,UNA,PCT 217,MAIL,UNA,10/16/24,10/17/24,10/31/24,ACCEPTED
8819,ASHE,WHITE,NOT HISPANIC or NOT LATINO,M,27,FLEETWOOD,NC,28626.0,UNA,PINE SWAMP,MAIL,UNA,10/30/24,10/30/24,11/1/24,ACCEPTED
448384,WAKE,WHITE,NOT HISPANIC or NOT LATINO,F,23,CARY,NC,27518.0,UNA,PRECINCT 20-05,MAIL,UNA,10/22/24,10/24/24,11/2/24,ACCEPTED
59608,CARTERET,WHITE,UNDESIGNATED,M,73,PINE KNOLL SHORES,NC,28512.0,REP,INDIAN BEACH/SALTER PATH/PINE,MAIL,REP,9/26/24,9/30/24,10/10/24,ACCEPTED
468536,YANCEY,WHITE,NOT HISPANIC or NOT LATINO,M,94,BURNSVILLE,NC,28714.0,DEM,BURNSVILLE,MAIL,DEM,2/7/24,9/20/24,10/21/24,ACCEPTED
385685,WAKE,WHITE,NOT HISPANIC or NOT LATINO,F,56,RALEIGH,NC,27615.0,UNA,PRECINCT 02-01,MAIL,UNA,9/12/24,9/24/24, ,SPOILED-EV
467418,YADKIN,UNDESIGNATED,UNDESIGNATED,U,63,EAST BEND,NC,27018.0,DEM,EAST BEND,MAIL,DEM,9/3/24,9/24/24,10/7/24,ACCEPTED
39277,BUNCOMBE,WHITE,UNDESIGNATED,F,75,CANDLER,NC,28715.0,DEM,45.1,MAIL,DEM,9/10/24,9/24/24,10/8/24,ACCEPTED
241830,MECKLENBURG,WHITE,UNDESIGNATED,M,85,CORNELIUS,NC,28031.0,DEM,PCT 202,MAIL,DEM,8/27/24,9/24/24,10/12/24,ACCEPTED
21657,BRUNSWICK,WHITE,UNDESIGNATED,M,64,SOUTHPORT,NC,28461.0,UNA,MOSQUITO 2,MAIL,UNA,10/5/24,10/8/24,10/21/24,ACCEPTED
157371,GASTON,WHITE,NOT HISPANIC or NOT LATINO,F,67,GASTONIA,NC,28054.0,REP,GARDNER PARK,MAIL,REP,8/23/24,9/24/24,10/5/24,ACCEPTED
57062,CALDWELL,WHITE,NOT HISPANIC or NOT LATINO,M,61,GRANITE FALLS,NC,28630.0,REP,GRACE CHAPEL,MAIL,REP,9/24/24,9/25/24,10/21/24,ACCEPTED
39553,BUNCOMBE,WHITE,UNDESIGNATED,F,32,ASHEVILLE,NC,28803.0,UNA,18.2,MAIL,UNA,8/29/24,9/24/24,10/29/24,ACCEPTED
175592,GUILFORD,WHITE,NOT HISPANIC or NOT LATINO,F,78,GREENSBORO,NC,27405.0,UNA,MON2B,MAIL,UNA,10/7/24,10/7/24,10/23/24,ACCEPTED
378093,UNION,WHITE,NOT HISPANIC or NOT LATINO,M,63,WAXHAW,NC,28173.0,DEM,0019,MAIL,DEM,10/4/24,10/8/24,10/31/24,ACCEPTED
322679,ONSLOW,WHITE,UNDESIGNATED,F,70,HOLLY RIDGE,NC,28445.0,REP,FS16,MAIL,REP,10/4/24,10/8/24,10/21/24,ACCEPTED
194937,HENDERSON,WHITE,NOT HISPANIC or NOT LATINO,F,70,HENDERSONVILLE,NC,28792.0,DEM,MOORES GROVE,MAIL,DEM,7/10/24,9/24/24, ,SPOILED-EV
396525,WAKE,WHITE,NOT HISPANIC or NOT LATINO,F,58,RALEIGH,NC,27614.0,DEM,PRECINCT 02-03,MAIL,DEM,9/3/24,9/24/24,10/17/24,ACCEPTED
102169,DAVIDSON,WHITE,UNDESIGNATED,M,73,LEXINGTON,NC,27292.0,REP,COTTON GROVE  #10,MAIL,REP,10/20/24,10/23/24,10/30/24,ACCEPTED
80408,CRAVEN,WHITE,UNDESIGNATED,F,72,NEW BERN,NC,28560.0,UNA,FAIRFIELD HARBOUR,MAIL,UNA,10/23/24,10/24/24,11/4/24,ACCEPTED
107059,DAVIE,WHITE,NOT HISPANIC or NOT LATINO,M,59,MOCKSVILLE,NC,27028.0,REP,SOUTH MOCKSVILLE,MAIL,REP,9/6/24,9/24/24,10/15/24,ACCEPTED
186448,HARNETT,WHITE,NOT HISPANIC or NOT LATINO,M,65,LILLINGTON,NC,27546.0,UNA,CENTRAL HARNETT LILLINGTON,MAIL,UNA,7/24/24,9/24/24,11/4/24,ACCEPTED
68009,CATAWBA,WHITE,UNDESIGNATED,F,88,NEWTON,NC,28658.0,REP,MAIDEN,MAIL,REP,10/5/24,10/7/24, , 
332331,ORANGE,UNDESIGNATED,UNDESIGNATED,M,30,CHAPEL HILL,NC,27514.0,UNA,CEDAR FALLS,MAIL,UNA,9/23/24,9/24/24,10/21/24,ACCEPTED
416968,WAKE,BLACK or AFRICAN AMERICAN,UNDESIGNATED,F,21,RALEIGH,NC,27610.0,DEM,PRECINCT 16-11,MAIL,DEM,10/28/24,10/30/24,11/5/24,ACCEPTED
433041,WAKE,UNDESIGNATED,UNDESIGNATED,U,32,RALEIGH,NC,27617.0,DEM,PRECINCT 05-05,MAIL,DEM,10/13/24,10/17/24,11/5/24,ACCEPTED
29912,BUNCOMBE,OTHER,HISPANIC or LATINO,F,71,ASHEVILLE,NC,28805.0,DEM,6.1,MAIL,DEM,10/12/24,10/14/24,11/2/24,ACCEPTED
166902,GUILFORD,BLACK or AFRICAN AMERICAN,NOT HISPANIC or NOT LATINO,M,58,GREENSBORO,NC,27405.0,DEM,G10,MAIL,DEM,10/18/24,10/21/24,11/1/24,ACCEPTED
270492,MECKLENBURG,WHITE,NOT HISPANIC or NOT LATINO,F,94,HUNTERSVILLE,NC,28078.0,REP,PCT 133,MAIL,REP,8/22/24,9/24/24, ,SPOILED-EV
272648,MECKLENBURG,ASIAN,UNDESIGNATED,F,42,CHARLOTTE,NC,28277.0,DEM,PCT 140,MAIL,DEM,10/17/24,10/18/24,10/28/24,ACCEPTED
167795,GUILFORD,BLACK or AFRICAN AMERICAN,NOT HISPANIC or NOT LATINO,F,21,GREENSBORO,NC,27410.0,UNA,G43,MAIL,UNA,8/10/24,9/24/24,10/25/24,ACCEPTED
69237,CHATHAM,UNDESIGNATED,UNDESIGNATED,F,81,CHAPEL HILL,NC,27517.0,DEM,NORTH WILLIAMS,MAIL,DEM,9/7/24,9/24/24,10/18/24,ACCEPTED
87789,CUMBERLAND,OTHER,HISPANIC or LATINO,F,31,FAYETTEVILLE,NC,28314.0,NLB,CLIFFDALE WEST-2-CL57,MAIL,NLB,1/26/24,9/24/24,10/23/24,ACCEPTED
390830,WAKE,WHITE,NOT HISPANIC or NOT LATINO,F,21,RALEIGH,NC,27608.0,DEM,PRECINCT 01-29,MAIL,DEM,8/10/24,9/24/24,11/2/24,ACCEPTED
5487,ALAMANCE,WHITE,NOT HISPANIC or NOT LATINO,F,32,BURLINGTON,NC,27217.0,DEM,BURLINGTON 7,MAIL,DEM,7/27/24,9/24/24, ,SPOILED-EV
340084,PITT,WHITE,NOT HISPANIC or NOT LATINO,M,42,FARMVILLE,NC,27828.0,UNA,FARMVILLE B,MAIL,UNA,9/1/24,9/24/24, ,SPOILED-EV
11377,BLADEN,WHITE,NOT HISPANIC or NOT LATINO,F,73,TAR HEEL,NC,28392.0,DEM,HOLLOW,MAIL,DEM,8/28/24,9/24/24,10/25/24,ACCEPTED
362551,STANLY,BLACK or AFRICAN AMERICAN,UNDESIGNATED,M,42,LOCUST,NC,28097.0,UNA,FURR NUMBER 2,MAIL,UNA,10/25/24,10/26/24,11/2/24,ACCEPTED
219765,LEE,WHITE,UNDESIGNATED,F,23,SANFORD,NC,27332.0,REP,PRECINCT E2,MAIL,REP,10/20/24,10/21/24,10/30/24,WITNESS INFO INCOMPLETE
244600,MECKLENBURG,BLACK or AFRICAN AMERICAN,UNDESIGNATED,F,59,CHARLOTTE,NC,28208.0,DEM,PCT 031,MAIL,DEM,7/10/24,9/24/24, , 
271601,MECKLENBURG,BLACK or AFRICAN AMERICAN,NOT HISPANIC or NOT LATINO,U,39,CHARLOTTE,NC,28204.0,DEM,PCT 009,MAIL,DEM,6/29/24,9/24/24,11/2/24,ACCEPTED
111731,DURHAM,WHITE,NOT HISPANIC or NOT LATINO,M,20,DURHAM,NC,27707.0,UNA,56,MAIL,UNA,10/14/24,10/16/24,11/4/24,ACCEPTED
185284,HARNETT,WHITE,UNDESIGNATED,F,43,FUQUAY-VARINA,NC,27526.0,DEM,NORTHWEST HARNETT,MAIL,DEM,10/17/24,10/18/24, ,SPOILED-EV
142689,FORSYTH,OTHER,UNDESIGNATED,F,21,WINSTON SALEM,NC,27106.0,UNA,908,MAIL,UNA,10/24/24,10/26/24, , 
204074,IREDELL,WHITE,HISPANIC or LATINO,F,57,MOORESVILLE,NC,28117.0,UNA,DAVIDSON #1B,MAIL,UNA,9/10/24,9/24/24, ,SPOILED-EV
97464,CURRITUCK,WHITE,UNDESIGNATED,M,68,GRANDY,NC,27939.0,REP,POPLAR BRANCH,MAIL,REP,10/4/24,10/7/24,10/22/24,ACCEPTED
369991,TRANSYLVANIA,WHITE,NOT HISPANIC or NOT LATINO,F,76,BREVARD,NC,28712.0,REP,DUNNS ROCK,MAIL,REP,10/28/24,10/28/24,10/28/24,ACCEPTED
68329,CATAWBA,WHITE,NOT HISPANIC or NOT LATINO,M,90,MAIDEN,NC,28650.0,DEM,EAST MAIDEN,MAIL,DEM,9/3/24,9/16/24,10/23/24,ACCEPTED
414145,WAKE,WHITE,UNDESIGNATED,M,19,RALEIGH,NC,27614.0,UNA,PRECINCT 02-06,MAIL,UNA,10/7/24,10/11/24,11/4/24,ACCEPTED
26068,BUNCOMBE,WHITE,NOT HISPANIC or NOT LATINO,M,25,FAIRVIEW,NC,28730.0,REP,38.3,MAIL,REP,10/28/24,10/28/24,10/31/24,ACCEPTED
272865,MECKLENBURG,WHITE,NOT HISPANIC or NOT LATINO,M,76,MATTHEWS,NC,28105.0,UNA,PCT 215,MAIL,UNA,9/20/24,9/24/24, ,SPOILED-EV
229813,MCDOWELL,WHITE,NOT HISPANIC or NOT LATINO,F,85,MARION,NC,28752.0,UNA,MARION #2,MAIL,UNA,9/26/24,9/26/24,10/10/24,SPOILED
130040,FORSYTH,WHITE,NOT HISPANIC or NOT LATINO,F,49,CLEMMONS,NC,27012.0,REP,52,MAIL,REP,10/8/24,10/10/24, , 
49743,CABARRUS,WHITE,UNDESIGNATED,M,20,CONCORD,NC,28027.0,REP,8-Feb,MAIL,REP,9/3/24,9/24/24,10/22/24,ACCEPTED
207362,IREDELL,WHITE,NOT HISPANIC or NOT LATINO,F,42,DAVIDSON,NC,28036.0,UNA,CODDLE CREEK #4,MAIL,UNA,10/26/24,10/26/24, , 
355893,ROWAN,WHITE,NOT HISPANIC or NOT LATINO,F,84,SALISBURY,NC,28146.0,REP,BOSTIAN CROSS ROAD,MAIL,REP,9/1/24,9/24/24,10/10/24,ACCEPTED
247829,MECKLENBURG,WHITE,UNDESIGNATED,F,30,CHARLOTTE,NC,28217.0,DEM,PCT 052,MAIL,DEM,8/3/24,9/24/24, ,SPOILED-EV
203553,IREDELL,WHITE,NOT HISPANIC or NOT LATINO,M,54,MOORESVILLE,NC,28117.0,DEM,CODDLE CREEK #2,MAIL,DEM,8/16/24,9/24/24,10/7/24,ACCEPTED
364036,STANLY,WHITE,UNDESIGNATED,F,90,ALBEMARLE,NC,28001.0,DEM,NORTH ALBEMARLE 2,MAIL,DEM,10/5/24,10/8/24,11/4/24,ACCEPTED
463084,WILKES,WHITE,NOT HISPANIC or NOT LATINO,F,27,HAYS,NC,28635.0,DEM,WALNUT GROVE,MAIL,DEM,10/16/24,10/17/24, ,SPOILED
151416,GASTON,BLACK or AFRICAN AMERICAN,NOT HISPANIC or NOT LATINO,M,20,GASTONIA,NC,28056.0,UNA,ROBINSON #1,MAIL,UNA,10/10/24,10/14/24,10/23/24,ACCEPTED
146490,FORSYTH,BLACK or AFRICAN AMERICAN,NOT HISPANIC or NOT LATINO,M,58,WINSTON SALEM,NC,27106.0,DEM,904,MAIL,DEM,10/17/24,10/21/24, ,SPOILED-EV
251403,MECKLENBURG,WHITE,NOT HISPANIC or NOT LATINO,F,80,DAVIDSON,NC,28036.0,UNA,PCT 206,MAIL,UNA,9/25/24,9/30/24,10/8/24,ACCEPTED
302552,NEW HANOVER,WHITE,NOT HISPANIC or NOT LATINO,F,18,WILMINGTON,NC,28409.0,UNA,FP04,MAIL,UNA,8/1/24,9/20/24,9/25/24,ACCEPTED
416086,WAKE,WHITE,NOT HISPANIC or NOT LATINO,F,90,APEX,NC,27502.0,DEM,PRECINCT 20-06A,MAIL,DEM,10/1/24,10/3/24,10/26/24,ACCEPTED
55411,CABARRUS,BLACK or AFRICAN AMERICAN,NOT HISPANIC or NOT LATINO,U,30,CONCORD,NC,28027.0,DEM,2-Feb,MAIL,DEM,9/20/24,9/24/24,11/5/24,ACCEPTED
44613,BURKE,WHITE,NOT HISPANIC or NOT LATINO,F,69,CONNELLY SPRINGS,NC,28612.0,DEM,LOWER FORK,MAIL,DEM,8/12/24,9/24/24,10/8/24,ACCEPTED
283566,MECKLENBURG,WHITE,NOT HISPANIC or NOT LATINO,M,20,CHARLOTTE,NC,28211.0,DEM,PCT 106,MAIL,DEM,10/22/24,10/25/24,11/2/24,ACCEPTED
468764,YANCEY,WHITE,NOT HISPANIC or NOT LATINO,M,56,BURNSVILLE,NC,28714.0,DEM,PENSACOLA,MAIL,DEM,10/17/24,10/17/24,10/29/24,ACCEPTED
118502,DURHAM,WHITE,NOT HISPANIC or NOT LATINO,F,23,CHAPEL HILL,NC,27517.0,UNA,53-2,MAIL,UNA,9/10/24, , , 
104222,DAVIDSON,WHITE,NOT HISPANIC or NOT LATINO,M,70,THOMASVILLE,NC,27360.0,UNA,THOMASVILLE 10 #76,MAIL,UNA,8/27/24,9/24/24,10/29/24,ACCEPTED
251604,MECKLENBURG,BLACK or AFRICAN AMERICAN,NOT HISPANIC or NOT LATINO,F,63,CHARLOTTE,NC,28208.0,DEM,PCT 039,MAIL,DEM,8/21/24,9/24/24, ,SPOILED-EV
9046,ASHE,WHITE,NOT HISPANIC or NOT LATINO,M,25,FLEETWOOD,NC,28626.0,REP,PINE SWAMP,MAIL,REP,2/6/24,9/24/24,10/22/24,ACCEPTED
88582,CUMBERLAND,BLACK or AFRICAN AMERICAN,UNDESIGNATED,F,19,FAYETTEVILLE,NC,28304.0,DEM,CROSS CREEK 20-G4,MAIL,DEM,10/19/24,10/21/24, , 
40060,BUNCOMBE,WHITE,NOT HISPANIC or NOT LATINO,F,36,ASHEVILLE,NC,28805.0,UNA,21.1,MAIL,UNA,10/8/24,10/11/24, , 
300962,NASH,UNDESIGNATED,UNDESIGNATED,U,49,ELM CITY,NC,27822.0,REP,COOPERS,MAIL,REP,9/29/24,9/30/24,10/22/24,ACCEPTED
388550,WAKE,WHITE,NOT HISPANIC or NOT LATINO,F,25,RALEIGH,NC,27614.0,UNA,PRECINCT 13-11,MAIL,UNA,9/22/24,9/25/24,11/5/24,ACCEPTED
252441,MECKLENBURG,WHITE,NOT HISPANIC or NOT LATINO,M,73,CHARLOTTE,NC,28216.0,UNA,PCT 222,MAIL,UNA,10/18/24,10/19/24,10/30/24,ACCEPTED
290513,MECKLENBURG,WHITE,NOT HISPANIC or NOT LATINO,M,43,CHARLOTTE,NC,28212.0,UNA,PCT 125,MAIL,UNA,10/9/24,10/9/24,11/3/24,ACCEPTED
382180,VANCE,UNDESIGNATED,UNDESIGNATED,F,59,HENDERSON,NC,27537.0,REP,MIDD,MAIL,REP,10/10/24,10/15/24, , 
291193,MECKLENBURG,ASIAN,NOT HISPANIC or NOT LATINO,F,19,CHARLOTTE,NC,28270.0,DEM,PCT 113,MAIL,DEM,10/11/24,10/11/24,10/28/24,ACCEPTED
101878,DAVIDSON,WHITE,UNDESIGNATED,F,66,WINSTON-SALEM,NC,27107.0,REP,GUMTREE # 16,MAIL,REP,10/28/24,10/30/24,11/2/24,ACCEPTED
173650,GUILFORD,WHITE,NOT HISPANIC or NOT LATINO,F,28,GREENSBORO,NC,27410.0,DEM,G35,MAIL,DEM,10/8/24,10/9/24,10/28/24,ACCEPTED
338853,PITT,WHITE,NOT HISPANIC or NOT LATINO,M,68,GREENVILLE,NC,27858.0,UNA,GREENVILLE #10B,MAIL,UNA,1/22/24,9/24/24, ,SPOILED-EV
220093,LEE,WHITE,NOT HISPANIC or NOT LATINO,F,63,SANFORD,NC,27332.0,REP,PRECINCT E2,MAIL,REP,10/3/24,10/4/24, ,SPOILED-EV
276659,MECKLENBURG,WHITE,NOT HISPANIC or NOT LATINO,F,38,CHARLOTTE,NC,28270.0,DEM,PCT 103,MAIL,DEM,10/24/23,9/20/24,9/29/24,ACCEPTED
234320,MECKLENBURG,WHITE,NOT HISPANIC or NOT LATINO,F,40,CHARLOTTE,NC,28205.0,UNA,PCT 030,MAIL,UNA,6/25/24,9/24/24, , 
312341,NEW HANOVER,WHITE,UNDESIGNATED,F,48,WILMINGTON,NC,28412.0,LIB,W21,MAIL,LIB,9/13/24,9/24/24,11/1/24,SPOILED
208509,IREDELL,WHITE,NOT HISPANIC or NOT LATINO,F,79,MOORESVILLE,NC,28117.0,LIB,DAVIDSON #1B,MAIL,LIB,9/30/24,9/30/24,11/2/24,ACCEPTED
120739,DURHAM,WHITE,NOT HISPANIC or NOT LATINO,F,72,DURHAM,NC,27707.0,UNA,09,MAIL,UNA,9/12/24,9/24/24,10/23/24,ACCEPTED
403993,WAKE,WHITE,NOT HISPANIC or NOT LATINO,F,76,RALEIGH,NC,27609.0,DEM,PRECINCT 01-15,MAIL,DEM,9/16/24,9/24/24,11/4/24,ACCEPTED
164727,GUILFORD,UNDESIGNATED,UNDESIGNATED,U,74,GREENSBORO,NC,27401.0,REP,G19,MAIL,REP,9/11/24,9/24/24, , 
146457,FORSYTH,WHITE,NOT HISPANIC or NOT LATINO,F,75,RURAL HALL,NC,27045.0,UNA,031,MAIL,UNA,9/1/24,9/24/24, ,SPOILED-EV
113191,DURHAM,OTHER,NOT HISPANIC or NOT LATINO,F,72,DURHAM,NC,27713.0,REP,54,MAIL,REP,8/23/24,9/24/24, ,SPOILED-EV
410716,WAKE,WHITE,NOT HISPANIC or NOT LATINO,M,65,RALEIGH,NC,27604.0,REP,PRECINCT 17-05,MAIL,REP,3/8/24,9/24/24,11/2/24,ACCEPTED
37138,BUNCOMBE,WHITE,UNDESIGNATED,F,30,ASHEVILLE,NC,28806.0,DEM,16.2,MAIL,DEM,10/15/24,10/17/24, ,SPOILED-EV
149145,FRANKLIN,UNDESIGNATED,UNDESIGNATED,U,31,YOUNGSVILLE,NC,27596.0,UNA,EAST YOUNGSVILLE,MAIL,UNA,10/22/24,10/25/24, , 
176053,GUILFORD,WHITE,NOT HISPANIC or NOT LATINO,F,62,GREENSBORO,NC,27405.0,LIB,NMAD,MAIL,LIB,10/19/24,10/24/24, ,SPOILED-EV
153366,GASTON,WHITE,NOT HISPANIC or NOT LATINO,F,88,GASTONIA,NC,28054.0,DEM,ASHBROOK,MAIL,DEM,10/3/24,10/4/24,10/24/24,ACCEPTED
238397,MECKLENBURG,UNDESIGNATED,UNDESIGNATED,M,67,CHARLOTTE,NC,28227.0,DEM,PCT 236,MAIL,DEM,9/10/24,9/24/24,10/21/24,ACCEPTED
14202,BRUNSWICK,WHITE,NOT HISPANIC or NOT LATINO,F,75,LELAND,NC,28451.0,DEM,LELAND,MAIL,DEM,10/15/24,10/16/24,10/31/24,ACCEPTED
316247,ONSLOW,UNDESIGNATED,UNDESIGNATED,U,51,JACKSONVILLE,NC,28540.0,REP,HM05,MAIL,REP,10/1/24,10/3/24, , 
37239,BUNCOMBE,WHITE,UNDESIGNATED,M,80,ASHEVILLE,NC,28803.0,REP,18.2,MAIL,REP,10/28/24,10/28/24,11/1/24,ACCEPTED
3618,ALAMANCE,WHITE,NOT HISPANIC or NOT LATINO,F,21,MEBANE,NC,27302.0,UNA,NORTH MELVILLE,MAIL,UNA,9/11/24,9/24/24,10/21/24,ACCEPTED
433629,WAKE,WHITE,NOT HISPANIC or NOT LATINO,M,42,APEX,NC,27523.0,UNA,PRECINCT 20-03,MAIL,UNA,10/14/24,10/17/24, ,SPOILED-EV
41567,BUNCOMBE,WHITE,NOT HISPANIC or NOT LATINO,F,92,BLACK MOUNTAIN,NC,28711.0,REP,37.1,MAIL,REP,2/22/24,9/24/24, ,SPOILED-EV
176627,GUILFORD,WHITE,NOT HISPANIC or NOT LATINO,M,64,GREENSBORO,NC,27410.0,UNA,G43,MAIL,UNA,10/5/24,10/7/24, ,SPOILED-EV
322541,ONSLOW,WHITE,NOT HISPANIC or NOT LATINO,M,18,TARAWA TERRACE,NC,28543.0,UNA,JA01,MAIL,UNA,10/21/24,10/23/24,11/5/24,ACCEPTED
167745,GUILFORD,BLACK or AFRICAN AMERICAN,NOT HISPANIC or NOT LATINO,F,41,GREENSBORO,NC,27407.0,DEM,G65,MAIL,DEM,9/23/24,9/24/24, ,RETURNED AFTER DEADLINE
313109,NEW HANOVER,WHITE,NOT HISPANIC or NOT LATINO,F,21,WILMINGTON,NC,28411.0,DEM,H12,MAIL,DEM,10/8/24,10/10/24,10/26/24,ACCEPTED
323873,ORANGE,WHITE,NOT HISPANIC or NOT LATINO,F,32,CHAPEL HILL,NC,27514.0,UNA,WEAVER DAIRY,MAIL,UNA,8/28/24,9/18/24,10/14/24,ACCEPTED
82881,CRAVEN,WHITE,NOT HISPANIC or NOT LATINO,M,28,HAVELOCK,NC,28532.0,REP,HAVELOCK,MAIL,REP,10/17/24,10/20/24,11/5/24,ACCEPTED
396770,WAKE,BLACK or AFRICAN AMERICAN,NOT HISPANIC or NOT LATINO,F,23,RALEIGH,NC,27603.0,UNA,PRECINCT 15-02,MAIL,UNA,8/31/24,9/24/24,10/7/24,ACCEPTED
104375,DAVIDSON,WHITE,NOT HISPANIC or NOT LATINO,F,87,LEXINGTON,NC,27292.0,DEM,SOUTHMONT #58,MAIL,DEM,10/18/24,10/21/24, , 
307365,NEW HANOVER,WHITE,NOT HISPANIC or NOT LATINO,F,46,WILMINGTON,NC,28405.0,REP,W15,MAIL,REP,10/27/24,10/29/24,11/2/24,ACCEPTED
134968,FORSYTH,WHITE,NOT HISPANIC or NOT LATINO,F,32,KERNERSVILLE,NC,27284.0,DEM,15,MAIL,DEM,10/11/24,10/11/24, ,SPOILED-EV
151117,GASTON,BLACK or AFRICAN AMERICAN,UNDESIGNATED,F,29,GASTONIA,NC,28056.0,DEM,MCADENVILLE,MAIL,DEM,10/29/24,10/30/24, , 
122872,DURHAM,WHITE,UNDESIGNATED,F,52,DURHAM,NC,27712.0,UNA,45,MAIL,UNA,7/5/24,9/24/24, , 
257046,MECKLENBURG,WHITE,HISPANIC or LATINO,M,55,CHARLOTTE,NC,28215.0,UNA,PCT 203,MAIL,UNA,10/9/24,10/10/24, ,SPOILED-EV
449685,WAKE,WHITE,NOT HISPANIC or NOT LATINO,F,27,CARY,NC,27519.0,UNA,PRECINCT 05-01,MAIL,UNA,9/22/24,9/25/24, , 
18946,BRUNSWICK,WHITE,UNDESIGNATED,M,66,LELAND,NC,28451.0,REP,LELAND,MAIL,REP,4/17/24,9/24/24,10/23/24,ACCEPTED
364266,STANLY,WHITE,UNDESIGNATED,F,78,ALBEMARLE,NC,28001.0,DEM,ALBEMARLE NUMBER 3,MAIL,DEM,9/14/24,9/24/24,10/24/24,ACCEPTED
293061,MOORE,WHITE,NOT HISPANIC or NOT LATINO,M,40,PINEHURST,NC,28374.0,UNA,PINEHURST B2,MAIL,UNA,10/24/24,10/25/24,11/5/24,ACCEPTED
149693,GASTON,WHITE,NOT HISPANIC or NOT LATINO,F,28,STANLEY,NC,28164.0,UNA,ALEXIS,MAIL,UNA,10/27/24,10/30/24,11/4/24,ACCEPTED
248912,MECKLENBURG,UNDESIGNATED,UNDESIGNATED,U,44,CHARLOTTE,NC,28227.0,UNA,PCT 220,MAIL,UNA,9/26/24,9/30/24, , 
299101,MOORE,WHITE,UNDESIGNATED,F,30,WEST END,NC,27376.0,UNA,PINEHURST A1,MAIL,UNA,10/1/24,10/1/24, , 
133612,FORSYTH,WHITE,UNDESIGNATED,F,35,WINSTON SALEM,NC,27103.0,UNA,704,MAIL,UNA,10/10/24,10/11/24,10/31/24,ACCEPTED
287324,MECKLENBURG,ASIAN,NOT HISPANIC or NOT LATINO,F,77,CHARLOTTE,NC,28205.0,UNA,PCT 006,MAIL,UNA,10/20/24,10/22/24,10/28/24,ACCEPTED
243612,MECKLENBURG,BLACK or AFRICAN AMERICAN,UNDESIGNATED,F,75,CHARLOTTE,NC,28278.0,DEM,PCT 200,MAIL,DEM,10/24/24,10/25/24,10/30/24,ACCEPTED
117897,DURHAM,WHITE,NOT HISPANIC or NOT LATINO,F,27,DURHAM,NC,27704.0,UNA,23,MAIL,UNA,10/7/24,10/9/24,11/2/24,ACCEPTED
192395,HENDERSON,WHITE,NOT HISPANIC or NOT LATINO,M,72,FLAT ROCK,NC,28731.0,REP,FLAT ROCK,MAIL,REP,9/19/24,9/24/24, ,SPOILED-EV
467153,YADKIN,WHITE,NOT HISPANIC or NOT LATINO,F,70,YADKINVILLE,NC,27055.0,REP,NORTH LIBERTY,MAIL,REP,10/29/24,10/30/24, , 
21784,BRUNSWICK,WHITE,HISPANIC or LATINO,F,62,BOLIVIA,NC,28422.0,REP,MOSQUITO 1,MAIL,REP,10/22/24,10/25/24,11/4/24,ACCEPTED
284636,MECKLENBURG,BLACK or AFRICAN AMERICAN,UNDESIGNATED,M,61,CHARLOTTE,NC,28226.0,UNA,PCT 101,MAIL,UNA,9/23/24,9/24/24, ,SPOILED-EV
287555,MECKLENBURG,ASIAN,NOT HISPANIC or NOT LATINO,M,32,CHARLOTTE,NC,28278.0,DEM,PCT 243,MAIL,DEM,10/16/24,10/17/24,10/30/24,ACCEPTED
158571,GRANVILLE,WHITE,NOT HISPANIC or NOT LATINO,F,61,OXFORD,NC,27565.0,REP,CORINTH,MAIL,REP,9/6/24,9/20/24,10/12/24,ACCEPTED
322326,ONSLOW,OTHER,HISPANIC or LATINO,F,42,JACKSONVILLE,NC,28540.0,UNA,HN14,MAIL,UNA,10/23/24,10/28/24, , 
301333,NASH,WHITE,NOT HISPANIC or NOT LATINO,M,22,BAILEY,NC,27807.0,DEM,BAILEY,MAIL,DEM,8/23/24,9/24/24,10/4/24,ACCEPTED
159008,GRANVILLE,UNDESIGNATED,UNDESIGNATED,U,18,OXFORD,NC,27565.0,UNA,CORINTH,MAIL,UNA,10/20/24,10/21/24,10/29/24,ACCEPTED
358291,ROWAN,WHITE,NOT HISPANIC or NOT LATINO,M,89,SALISBURY,NC,28146.0,REP,HATTERS SHOP,MAIL,REP,10/16/24,10/16/24,10/21/24,ACCEPTED
181176,GUILFORD,WHITE,UNDESIGNATED,F,27,GREENSBORO,NC,27408.0,UNA,G20,MAIL,UNA,9/29/24,9/30/24,10/9/24,ACCEPTED - CURED
216119,JOHNSTON,OTHER,HISPANIC or LATINO,M,35,ZEBULON,NC,27597.0,UNA,NORTH ONEALS,MAIL,UNA,10/12/24,10/14/24,10/24/24,ACCEPTED
339111,PITT,WHITE,NOT HISPANIC or NOT LATINO,F,67,AYDEN,NC,28513.0,UNA,SWIFT CREEK,MAIL,UNA,9/9/24,9/24/24,10/29/24,ACCEPTED
153797,GASTON,WHITE,NOT HISPANIC or NOT LATINO,F,19,BELMONT,NC,28012.0,UNA,SOUTH POINT,MAIL,UNA,10/18/24,10/21/24,11/2/24,ACCEPTED
413510,WAKE,UNDESIGNATED,UNDESIGNATED,F,31,MORRISVILLE,NC,27560.0,DEM,PRECINCT 05-07,MAIL,DEM,7/30/24,9/20/24,10/14/24,ACCEPTED
161590,GUILFORD,BLACK or AFRICAN AMERICAN,NOT HISPANIC or NOT LATINO,U,30,GREENSBORO,NC,27406.0,DEM,JEF3,MAIL,DEM,10/13/24,10/14/24,11/1/24,ACCEPTED
424274,WAKE,WHITE,NOT HISPANIC or NOT LATINO,F,78,FUQUAY VARINA,NC,27526.0,REP,PRECINCT 12-06,MAIL,REP,10/21/24,10/25/24,11/2/24,ACCEPTED
468704,YANCEY,WHITE,UNDESIGNATED,F,83,BURNSVILLE,NC,28714.0,DEM,SOUTH TOE,MAIL,DEM,10/7/24,10/8/24, ,SPOILED-EV
189970,HAYWOOD,WHITE,NOT HISPANIC or NOT LATINO,M,32,WAYNESVILLE,NC,28785.0,UNA,JONATHAN CREEK,MAIL,UNA,9/3/24,9/24/24,11/1/24,ACCEPTED
466101,WILSON,WHITE,UNDESIGNATED,M,45,WILSON,NC,27896.0,DEM,WILSON K,MAIL,DEM,8/9/24,9/24/24,11/1/24,ACCEPTED
324893,ORANGE,WHITE,NOT HISPANIC or NOT LATINO,M,21,CHAPEL HILL,NC,27516.0,UNA,COLONIAL HEIGHTS,MAIL,UNA,9/26/24,9/26/24, ,SPOILED-EV
304311,NEW HANOVER,WHITE,NOT HISPANIC or NOT LATINO,F,39,WILMINGTON,NC,28412.0,REP,FP07,MAIL,REP,10/1/24,10/4/24, , 
124499,DURHAM,WHITE,NOT HISPANIC or NOT LATINO,F,27,DURHAM,NC,27707.0,DEM,56,MAIL,DEM,9/17/24,9/24/24,10/23/24,ACCEPTED
31507,BUNCOMBE,WHITE,UNDESIGNATED,F,68,ARDEN,NC,28704.0,UNA,30.3,MAIL,UNA,9/3/24,9/24/24, ,SPOILED-EV
21913,BRUNSWICK,OTHER,HISPANIC or LATINO,M,18,SHALLOTTE,NC,28470.0,DEM,SHALLOTTE,MAIL,DEM,10/26/24,10/28/24,11/1/24,ACCEPTED
423026,WAKE,BLACK or AFRICAN AMERICAN,NOT HISPANIC or NOT LATINO,F,61,RALEIGH,NC,27616.0,DEM,PRECINCT 13-08,MAIL,DEM,9/11/24,9/24/24,10/11/24,ACCEPTED
348825,RICHMOND,BLACK or AFRICAN AMERICAN,NOT HISPANIC or NOT LATINO,M,67,ROCKINGHAM,NC,28379.0,UNA,ROCKINGHAM #1,MAIL,UNA,9/4/24,9/24/24,10/9/24,ACCEPTED
394769,WAKE,WHITE,NOT HISPANIC or NOT LATINO,F,23,RALEIGH,NC,27613.0,UNA,PRECINCT 07-12,MAIL,UNA,8/29/24,9/24/24,11/2/24,ACCEPTED
245130,MECKLENBURG,WHITE,NOT HISPANIC or NOT LATINO,M,29,CHARLOTTE,NC,28203.0,UNA,PCT 009,MAIL,UNA,10/14/24,10/15/24,10/31/24,ACCEPTED
186797,HARNETT,UNDESIGNATED,UNDESIGNATED,U,26,CAMERON,NC,28326.0,DEM,JOHNSONVILLE,MAIL,DEM,9/28/24,9/30/24,10/25/24,ACCEPTED
293185,MOORE,WHITE,UNDESIGNATED,M,33,ABERDEEN,NC,28315.0,DEM,WEST ABERDEEN,MAIL,DEM,10/15/24,10/16/24,10/31/24,ACCEPTED
142885,FORSYTH,BLACK or AFRICAN AMERICAN,NOT HISPANIC or NOT LATINO,F,74,WINSTON SALEM,NC,27106.0,DEM,905,MAIL,DEM,9/18/24,9/24/24,10/7/24,ACCEPTED
472,ALAMANCE,WHITE,UNDESIGNATED,F,87,GRAHAM,NC,27253.0,DEM,SOUTH GRAHAM,MAIL,DEM,10/7/24,10/9/24,10/23/24,ACCEPTED
440760,WAKE,WHITE,NOT HISPANIC or NOT LATINO,F,26,CARY,NC,27513.0,UNA,PRECINCT 04-08,MAIL,UNA,7/30/24,9/24/24,10/24/24,ACCEPTED
145162,FORSYTH,WHITE,UNDESIGNATED,M,22,PFAFFTOWN,NC,27040.0,UNA,132,MAIL,UNA,10/22/24,10/22/24,11/4/24,ACCEPTED
377008,UNION,WHITE,NOT HISPANIC or NOT LATINO,M,48,MATTHEWS,NC,28104.0,UNA,017B,MAIL,UNA,8/25/24,9/21/24, ,SPOILED-EV
108465,DUPLIN,WHITE,NOT HISPANIC or NOT LATINO,M,84,CHINQUAPIN,NC,28521.0,REP,CYPRESS CREEK,MAIL,REP,10/8/24,10/9/24,10/21/24,ACCEPTED
339657,PITT,BLACK or AFRICAN AMERICAN,NOT HISPANIC or NOT LATINO,M,20,WINTERVILLE,NC,28590.0,UNA,GREENVILLE #12A,MAIL,UNA,9/4/24,9/24/24,11/1/24,ACCEPTED
447797,WAKE,UNDESIGNATED,UNDESIGNATED,F,61,APEX,NC,27539.0,DEM,PRECINCT 12-10,MAIL,DEM,4/7/24,9/24/24,10/26/24,ACCEPTED
244712,MECKLENBURG,WHITE,NOT HISPANIC or NOT LATINO,F,53,CHARLOTTE,NC,28269.0,DEM,PCT 107,MAIL,DEM,7/31/24,9/24/24, ,SPOILED-EV
221996,LENOIR,WHITE,NOT HISPANIC or NOT LATINO,F,78,KINSTON,NC,28504.0,UNA,NEUSE,MAIL,UNA,6/3/24,9/24/24,10/8/24,ACCEPTED
279165,MECKLENBURG,WHITE,NOT HISPANIC or NOT LATINO,M,58,CHARLOTTE,NC,28210.0,REP,PCT 114,MAIL,REP,10/5/24,10/7/24,10/28/24,ACCEPTED
327755,ORANGE,WHITE,NOT HISPANIC or NOT LATINO,M,29,CHAPEL HILL,NC,27514.0,DEM,CEDAR FALLS,MAIL,DEM,10/5/24, , , 
164040,GUILFORD,BLACK or AFRICAN AMERICAN,UNDESIGNATED,F,69,GREENSBORO,NC,27403.0,DEM,G47,MAIL,DEM,10/10/24,10/10/24,11/2/24,PENDING CURE
59811,CARTERET,WHITE,NOT HISPANIC or NOT LATINO,F,55,MOREHEAD CITY,NC,28557.0,UNA,MOREHEAD 2,MAIL,UNA,10/15/24,10/16/24,10/29/24,ACCEPTED
370880,UNION,UNDESIGNATED,UNDESIGNATED,U,63,MONROE,NC,28112.0,UNA,025,MAIL,UNA,8/30/24,9/21/24,10/4/24,ACCEPTED
16222,BRUNSWICK,WHITE,UNDESIGNATED,F,77,BOLIVIA,NC,28422.0,UNA,MOSQUITO 1,MAIL,UNA,10/6/24,10/8/24,10/18/24,ACCEPTED
19614,BRUNSWICK,UNDESIGNATED,NOT HISPANIC or NOT LATINO,F,65,BOILING SPRING LAKES,NC,28461.0,UNA,BOILING SPRING LAKES,MAIL,UNA,9/23/24,9/24/24,10/23/24,ACCEPTED
405233,WAKE,WHITE,UNDESIGNATED,F,23,RALEIGH,NC,27609.0,REP,PRECINCT 01-11,MAIL,REP,9/23/24,9/25/24,11/2/24,ACCEPTED
281180,MECKLENBURG,WHITE,NOT HISPANIC or NOT LATINO,F,87,CHARLOTTE,NC,28216.0,DEM,PCT 210,MAIL,DEM,9/3/24,9/24/24,10/8/24,WITNESS INFO INCOMPLETE
342753,PITT,BLACK or AFRICAN AMERICAN,NOT HISPANIC or NOT LATINO,M,22,GREENVILLE,NC,27858.0,DEM,GREENVILLE #6,MAIL,DEM,10/10/24,10/15/24,10/29/24,ACCEPTED
322020,ONSLOW,UNDESIGNATED,UNDESIGNATED,U,21,JACKSONVILLE,NC,28540.0,REP,JA01,MAIL,REP,9/9/24,9/20/24, , 
72913,CHATHAM,WHITE,NOT HISPANIC or NOT LATINO,F,29,PITTSBORO,NC,27312.0,DEM,WEST PITTSBORO,MAIL,DEM,9/24/24,9/26/24, , 
112180,DURHAM,BLACK or AFRICAN AMERICAN,UNDESIGNATED,M,72,DURHAM,NC,27703.0,UNA,31,MAIL,UNA,10/24/24,10/24/24,11/8/24,RETURNED AFTER DEADLINE
113613,DURHAM,WHITE,NOT HISPANIC or NOT LATINO,M,63,DURHAM,NC,27713.0,UNA,53-1,MAIL,UNA,10/22/24,10/28/24, , 
131811,FORSYTH,BLACK or AFRICAN AMERICAN,UNDESIGNATED,M,35,WINSTON SALEM,NC,27107.0,DEM,506,MAIL,DEM,1/25/24,9/24/24,10/23/24,ACCEPTED
35006,BUNCOMBE,WHITE,NOT HISPANIC or NOT LATINO,M,72,ASHEVILLE,NC,28804.0,UNA,69.1,MAIL,UNA,10/7/24,10/9/24, ,SPOILED-EV
424082,WAKE,WHITE,NOT HISPANIC or NOT LATINO,M,32,CARY,NC,27513.0,DEM,PRECINCT 04-21,MAIL,DEM,10/8/24,10/11/24, ,SPOILED-EV
70366,CHATHAM,UNDESIGNATED,UNDESIGNATED,F,33,APEX,NC,27523.0,UNA,EAST WILLIAMS,MAIL,UNA,8/21/24,9/24/24,10/24/24,ACCEPTED - CURED
377444,UNION,UNDESIGNATED,UNDESIGNATED,U,59,MATTHEWS,NC,28104.0,UNA,041,MAIL,UNA,9/2/24,9/21/24,10/15/24,ACCEPTED
60387,CARTERET,WHITE,UNDESIGNATED,F,20,BEAUFORT,NC,28516.0,DEM,BEAUFORT 2,MAIL,DEM,8/18/24,9/24/24,11/1/24,ACCEPTED
157694,GASTON,BLACK or AFRICAN AMERICAN,UNDESIGNATED,F,29,DALLAS,NC,28034.0,DEM,DALLAS #1,MAIL,DEM,10/12/24,10/17/24,10/23/24,ACCEPTED
175758,GUILFORD,WHITE,NOT HISPANIC or NOT LATINO,F,95,STOKESDALE,NC,27357.0,DEM,STOK,MAIL,DEM,10/30/24, , , 
304082,NEW HANOVER,BLACK or AFRICAN AMERICAN,NOT HISPANIC or NOT LATINO,F,47,WILMINGTON,NC,28411.0,UNA,H11,MAIL,UNA,9/27/24,10/1/24,10/10/24,ACCEPTED
453875,WAKE,BLACK or AFRICAN AMERICAN,UNDESIGNATED,M,35,WAKE FOREST,NC,27587.0,DEM,PRECINCT 19-11,MAIL,DEM,10/20/24,10/22/24,10/31/24,WITNESS INFO INCOMPLETE
51690,CABARRUS,WHITE,NOT HISPANIC or NOT LATINO,M,45,CONCORD,NC,28027.0,REP,5-Feb,MAIL,REP,8/28/24,9/24/24,10/22/24,ACCEPTED
193942,HENDERSON,BLACK or AFRICAN AMERICAN,NOT HISPANIC or NOT LATINO,M,74,HENDERSONVILLE,NC,28792.0,UNA,NORTHEAST,MAIL,UNA,10/8/24,10/14/24,10/25/24,ACCEPTED
101018,DAVIDSON,WHITE,NOT HISPANIC or NOT LATINO,F,90,DENTON,NC,27239.0,UNA,SOUTH DAVIDSON #56,MAIL,UNA,10/21/24,10/23/24, ,SPOILED-EV
24309,BUNCOMBE,WHITE,NOT HISPANIC or NOT LATINO,F,72,ASHEVILLE,NC,28804.0,DEM,5.1,MAIL,DEM,9/20/24,9/24/24,10/8/24,ACCEPTED
386360,WAKE,WHITE,UNDESIGNATED,M,18,CARY,NC,27513.0,UNA,PRECINCT 04-19,MAIL,UNA,10/18/24,10/22/24,11/1/24,ACCEPTED
370873,UNION,UNDESIGNATED,UNDESIGNATED,U,35,MONROE,NC,28110.0,DEM,0005,MAIL,DEM,6/28/24,9/21/24,10/30/24,ACCEPTED
345262,RANDOLPH,WHITE,UNDESIGNATED,F,67,ASHEBORO,NC,27205.0,UNA,SOUTHWEST,MAIL,UNA,7/23/24,9/24/24, ,SPOILED-EV
232546,MECKLENBURG,WHITE,NOT HISPANIC or NOT LATINO,F,70,CHARLOTTE,NC,28278.0,UNA,PCT 230,MAIL,UNA,10/21/24,10/22/24, ,SPOILED-EV
80099,COLUMBUS,BLACK or AFRICAN AMERICAN,NOT HISPANIC or NOT LATINO,F,32,WHITEVILLE,NC,28472.0,DEM,WHITEVILLE 2,MAIL,DEM,10/29/24,10/29/24,11/5/24,ACCEPTED
210037,JACKSON,WHITE,UNDESIGNATED,M,76,SYLVA,NC,28779.0,REP,SYLVA DILLSBORO COMBINED,MAIL,REP,9/13/24,9/24/24,10/9/24,ACCEPTED
244149,MECKLENBURG,WHITE,UNDESIGNATED,M,23,CHARLOTTE,NC,28277.0,DEM,PCT 144,MAIL,DEM,10/8/24,10/9/24,10/30/24,ACCEPTED
100630,DAVIDSON,WHITE,NOT HISPANIC or NOT LATINO,F,69,LEXINGTON,NC,27295.0,UNA,ARCADIA #04,MAIL,UNA,7/30/24,9/24/24,10/24/24,ACCEPTED
4140,ALAMANCE,WHITE,UNDESIGNATED,M,42,BURLINGTON,NC,27215.0,UNA,COBLE,MAIL,UNA,8/8/24,9/24/24,11/1/24,ACCEPTED
60930,CARTERET,WHITE,NOT HISPANIC or NOT LATINO,F,59,NEWPORT,NC,28570.0,REP,NEWPORT 2,MAIL,REP,9/6/24,9/24/24, ,SPOILED-EV
238871,MECKLENBURG,BLACK or AFRICAN AMERICAN,NOT HISPANIC or NOT LATINO,F,46,CHARLOTTE,NC,28269.0,UNA,PCT 151,MAIL,UNA,9/29/24,9/30/24,11/5/24,ACCEPTED
178429,GUILFORD,UNDESIGNATED,UNDESIGNATED,U,55,GREENSBORO,NC,27410.0,UNA,G41A,MAIL,UNA,10/6/24,10/7/24,10/23/24,ACCEPTED
72723,CHATHAM,WHITE,UNDESIGNATED,M,21,PITTSBORO,NC,27312.0,UNA,EAST PITTSBORO,MAIL,UNA,6/30/24,9/24/24,11/3/24,ACCEPTED
351452,ROCKINGHAM,WHITE,NOT HISPANIC or NOT LATINO,F,77,REIDSVILLE,NC,27320.0,REP,NEW BETHEL,MAIL,REP,8/22/24,9/24/24, ,SPOILED-EV
176263,GUILFORD,UNDESIGNATED,NOT HISPANIC or NOT LATINO,M,36,HIGH POINT,NC,27265.0,DEM,H23,MAIL,DEM,8/21/24,9/24/24, ,SPOILED-EV
310974,NEW HANOVER,OTHER,UNDESIGNATED,F,40,WILMINGTON,NC,28401.0,DEM,W25,MAIL,DEM,9/25/24,9/27/24,10/31/24,ACCEPTED
111465,DURHAM,WHITE,NOT HISPANIC or NOT LATINO,F,20,CHAPEL HILL,NC,27517.0,UNA,27,MAIL,UNA,10/21/24,10/23/24, , 
226102,LINCOLN,BLACK or AFRICAN AMERICAN,NOT HISPANIC or NOT LATINO,F,67,DENVER,NC,28037.0,DEM,COWANS FORD,MAIL,DEM,9/10/24,9/24/24,10/11/24,ACCEPTED
396037,WAKE,WHITE,NOT HISPANIC or NOT LATINO,F,76,CARY,NC,27518.0,REP,PRECINCT 18-05,MAIL,REP,10/6/24,10/9/24,11/2/24,ACCEPTED
405765,WAKE,WHITE,UNDESIGNATED,F,60,FUQUAY VARINA,NC,27526.0,REP,PRECINCT 12-09,MAIL,REP,10/18/24,10/22/24,11/2/24,ACCEPTED
418025,WAKE,ASIAN,NOT HISPANIC or NOT LATINO,M,36,CARY,NC,27513.0,UNA,PRECINCT 04-13,MAIL,UNA,2/25/24,9/24/24, ,SPOILED
459225,WATAUGA,WHITE,NOT HISPANIC or NOT LATINO,F,39,SUGAR GROVE,NC,28679.0,REP,LAUREL CREEK,MAIL,REP,10/8/24,10/9/24,10/25/24,ACCEPTED
112642,DURHAM,WHITE,NOT HISPANIC or NOT LATINO,F,74,CHAPEL HILL,NC,27517.0,UNA,53-2,MAIL,UNA,10/23/24,10/23/24, ,SPOILED-EV
30019,BUNCOMBE,WHITE,NOT HISPANIC or NOT LATINO,M,22,ASHEVILLE,NC,28804.0,DEM,28.1,MAIL,DEM,10/7/24,10/9/24, ,SPOILED
460886,WAYNE,WHITE,NOT HISPANIC or NOT LATINO,M,36,PIKEVILLE,NC,27863.0,REP,4,MAIL,REP,8/29/24,9/24/24, , 
307011,NEW HANOVER,WHITE,UNDESIGNATED,F,68,WILMINGTON,NC,28412.0,DEM,FP06,MAIL,DEM,7/30/24,9/24/24,10/8/24,ACCEPTED
83748,CRAVEN,WHITE,NOT HISPANIC or NOT LATINO,M,39,NEW BERN,NC,28562.0,REP,JASPER,MAIL,REP,2/8/24,9/24/24,11/2/24,ACCEPTED
190101,HAYWOOD,WHITE,UNDESIGNATED,M,22,CANTON,NC,28716.0,UNA,BEAVERDAM 3,MAIL,UNA,9/13/24,9/24/24,11/1/24,ACCEPTED
214990,JOHNSTON,WHITE,NOT HISPANIC or NOT LATINO,F,69,CLAYTON,NC,27527.0,UNA,FLOWERS PLANTATION,MAIL,UNA,9/10/24,9/24/24,10/28/24,ACCEPTED
67520,CATAWBA,ASIAN,NOT HISPANIC or NOT LATINO,U,35,NEWTON,NC,28658.0,UNA,SOUTH NEWTON,MAIL,UNA,6/28/24,9/16/24,10/3/24,ACCEPTED
265441,MECKLENBURG,BLACK or AFRICAN AMERICAN,NOT HISPANIC or NOT LATINO,M,54,CHARLOTTE,NC,28278.0,UNA,PCT 243,MAIL,UNA,10/6/24,10/8/24, ,SPOILED-EV
163524,GUILFORD,WHITE,NOT HISPANIC or NOT LATINO,M,50,GREENSBORO,NC,27408.0,UNA,G21,MAIL,UNA,10/11/24,10/14/24,10/21/24,ACCEPTED
319046,ONSLOW,WHITE,UNDESIGNATED,M,60,MAPLE HILL,NC,28454.0,DEM,HN14,MAIL,DEM,8/13/24,9/24/24,11/1/24,ACCEPTED
437658,WAKE,WHITE,NOT HISPANIC or NOT LATINO,M,38,APEX,NC,27523.0,DEM,PRECINCT 20-12,MAIL,DEM,9/16/24,9/24/24,10/20/24,ACCEPTED
151728,GASTON,WHITE,UNDESIGNATED,M,64,GASTONIA,NC,28054.0,UNA,GASTON DAY,MAIL,UNA,6/29/24,9/24/24, ,SPOILED-EV
330610,ORANGE,WHITE,UNDESIGNATED,F,22,HILLSBOROUGH,NC,27278.0,REP,GRADY BROWN,MAIL,REP,9/6/24,9/24/24, , 
450272,WAKE,WHITE,NOT HISPANIC or NOT LATINO,F,64,APEX,NC,27523.0,REP,PRECINCT 20-11,MAIL,REP,9/24/24,9/27/24,10/17/24,ACCEPTED
211119,JOHNSTON,OTHER,HISPANIC or LATINO,F,53,ZEBULON,NC,27597.0,REP,NORTH ONEALS,MAIL,REP,10/24/24,10/28/24, ,SPOILED-EV
54383,CABARRUS,WHITE,UNDESIGNATED,F,19,CONCORD,NC,28027.0,UNA,8-Feb,MAIL,UNA,9/24/24,9/25/24, , 
438723,WAKE,WHITE,NOT HISPANIC or NOT LATINO,F,19,RALEIGH,NC,27609.0,DEM,PRECINCT 01-36,MAIL,DEM,10/11/24,10/15/24,11/5/24,ACCEPTED
383731,WAKE,WHITE,NOT HISPANIC or NOT LATINO,F,22,CARY,NC,27511.0,REP,PRECINCT 04-14,MAIL,REP,9/30/24,10/1/24,10/3/24,ACCEPTED
